data/circles/circles_sep_factor_0.7_2000.csv,x,y,label
0,1.0993428306022466,-0.027652860234236933,0
1,1.1295179684762755,0.31088911524716406,0
2,0.9530903692591489,-0.0342613515064835,0
3,1.3156649154822873,0.17233538554598993,0
4,0.9057893120963095,0.1336421041605304,0
5,0.9068230218032391,-0.06173519163592309,0
6,1.047681926953796,-0.34496586626162506,0
7,0.6540493681755182,-0.06848938753032963,0
8,0.7961707325391327,0.11309378469882433,0
9,0.8167967350047328,-0.22594220578503377,0
10,1.2911564822125823,0.017635259432006237,0
11,1.01111814729881,-0.21588961152828556,0
12,0.8882823553555774,0.09751132346990594,0
13,0.7664672125495693,0.15673021523729194,0
14,0.8760058711594115,0.02951244659208782,0
15,0.8752206421572006,0.4645639502203019,0
16,0.9922515720337134,-0.11118047093996519,0
17,1.1588097728176368,-0.13755757571894456,0
18,1.0353840295209595,-0.2790776399024735,0
19,0.7272453947901276,0.15846940726869446,0
20,1.1398080173135599,0.15960688980229837,0
21,0.9681779745918585,0.07134361997442475,0
22,0.6947570276231657,-0.006178550994303644,0
23,0.8974483644106934,0.3554352277960353,0
24,1.0573754026516062,-0.20238244195178973,0
25,1.0525051344740968,0.07941800895696756,0
26,0.8513015441466762,0.28497242296305714,0
27,1.1918444996481883,0.3550894685359736,0
28,0.8167208298846776,0.11318058380503315,0
29,1.0496978912760424,0.3763147890516092,0
30,0.8864524031596307,0.1502495192529612,0
31,0.7598235226421284,-0.0456918567652739,0
32,1.1423602168630864,0.4709579862285716,0
33,0.9641788800094053,0.40656918834828615,0
34,1.0495953285777202,0.08298315900102976,0
35,1.0481958830404303,0.5257505546897364,0
36,0.9673616649645869,0.5371994921121824,0
37,0.4491494901641776,0.3947699275516353,0
38,0.9890411465623082,0.1766975269305512,0
39,0.9884787517972062,-0.15491455212477115,0
40,0.9246487835611287,0.3201124014672041,0
41,1.2625802967107382,0.1511166820286527,0
42,0.8036829182546363,0.16049009757298963,0
43,1.1468041018304245,0.3326522112523125,0
44,0.8560756308326781,0.3756054221399964,0
45,0.9797091955465511,0.4727201041458071,0
46,0.8181111702419054,0.21948683315042244,0
47,0.878290420932399,-0.0016668227981518902,0
48,1.0140886001595582,0.3492526360130128,0
49,0.9540020328457111,0.25611784295774453,0
50,0.6679823678850707,0.22488792982187558,0
51,0.8805532416849406,0.15453106581098097,0
52,0.9148411626615425,0.4017537811701172,0
53,1.322300255421911,0.36180359222131026,0
54,0.9945006140374173,0.3179303613697532,0
55,0.5571265258944171,0.33343514515544803,0
56,0.9507798996420793,0.8372913456715743,0
57,0.8980776937919678,0.41084378865798155,0
58,0.9273865885155633,0.12267627118934432,0
59,1.160635675361215,0.5126619732419005,0
60,1.0879828752968608,0.1862470617257302,0
61,1.2080040155218812,0.09358899317934427,0
62,1.042448625594512,0.8178702206837969,0
63,0.7245654748439772,0.27232444635684216,0
64,0.9401621203833986,0.2906785360139626,0
65,0.6076219394707546,0.4108604855959861,0
66,0.7027804298756966,0.49762492184069895,0
67,0.7288067405567421,0.718635955739857,0
68,0.7534553122177482,0.349963277752149,0
69,1.0701878680150507,0.1739128651250152,0
70,0.9503190393868455,0.6872078424215583,0
71,0.5806373124559573,0.4683828173874198,0
72,0.9513818104160557,0.5934803410063949,0
73,0.6492508946096195,0.17866690842204624,0
74,0.9982297372746434,0.5077801507366695,0
75,0.9411050942575432,0.523280141638942,0
76,0.7521315044978463,0.5060306000536886,0
77,0.9438458059921915,0.32228079447218483,0
78,1.2554461286639045,0.5654705163476901,0
79,0.6410556107500265,0.6075489253947051,0
80,0.6813703459983993,0.6391705948502058,0
81,1.104981570611401,0.32311366205499015,0
82,1.0628589805183901,0.5752835269355913,0
83,1.031482733163388,0.8775437018702803,0
84,0.8148457939922612,0.35287596876426286,0
85,0.682839141078839,0.34587935875728365,0
86,0.8421063143108314,0.5826699287448351,0
87,0.9096155915652989,0.6852539924279143,0
88,0.8535948601702732,0.8158814453927591,0
89,0.794746569437492,1.0745450176246578,0
90,0.9694613950550164,0.36439528369574015,0
91,0.6267660826859466,0.637615735175513,0
92,0.7928354829769716,0.6891944455526875,0
93,0.9287259585278801,0.5370800880970558,0
94,0.6612371555821317,0.253906171551015,0
95,0.7377775838611575,0.7333631367168251,0
96,0.8663513464544682,0.3181211933843589,0
97,0.8545882944956886,0.6494956015403582,0
98,0.6395677634769573,0.6083177246113732,0
99,0.824335908122294,0.35409642010245146,0
100,0.8805744664446041,0.69994215756612,0
101,1.0219181343461772,0.8036172305680398,0
102,0.5260331112794584,0.41033997507449427,0
103,0.900801492980303,0.7056867318714665,0
104,0.896999935909045,1.3784765958255498,0
105,0.9043331145143237,0.8400201816890963,0
106,0.9770887848352594,0.7481378633514939,0
107,0.719336961648519,0.774581624586766,0
108,0.623897258659509,0.5803276399426988,0
109,0.6774303506329131,0.648944989790389,0
110,1.2334449561104908,0.2639709512303401,0
111,0.9037450448842526,0.3197094789386541,0
112,0.6680561378535611,0.8648460809629176,0
113,0.7712179191078145,0.43628476971501756,0
114,0.6111906388841101,0.7925053055398917,0
115,0.6040377432870323,0.7046035832400468,0
116,0.7550555134049448,0.5356917979130882,0
117,1.1705305906038044,0.7974693810003223,0
118,0.33248460002665237,0.71262367107491,0
119,0.6008980532688825,0.8504400456816641,0
120,0.5704644797348715,0.661599817635309,0
121,0.8256505859831381,0.8622648472213728,0
122,0.48024974347675153,0.6267530586446154,0
123,0.6209474207896399,0.5674995724787302,0
124,1.0646265252655047,0.7836463119910403,0
125,0.4549299903195385,0.8906791705975027,0
126,1.1270812092013758,0.9180287293195147,0
127,0.39429142580267,0.6190896684485808,0
128,0.9470355356501294,0.5787751317641507,0
129,0.7778776940165941,0.879579940872914,0
130,0.499161011613072,0.7170635562090515,0
131,0.03169991070860456,0.528377817955702,0
132,0.6248191778423924,0.48795648096520405,0
133,0.997167837323047,0.45571349714661263,0
134,0.5780029700948549,0.7720892608814004,0
135,0.949566523136875,0.4629386393945717,0
136,0.8892185061839484,0.7562979929400212,0
137,0.4555319950912885,0.850782610141376,0
138,0.6868679006841384,0.642399135579689,0
139,0.6562130701745881,0.6894302874369977,0
140,0.6601274587989393,0.9029393776799985,0
141,0.9497735251421948,0.526939960433364,0
142,1.0542980362219538,0.38804474166252306,0
143,0.5924307614809958,0.9000542518735034,0
144,0.6740579866373408,0.6617485281725002,0
145,0.5712826035815215,0.6915548254439239,0
146,0.4900573463057631,0.9639108180520402,0
147,0.6743326388820341,0.6592125204864401,0
148,0.7778249581441691,0.8630268890461984,0
149,0.7554292439288512,0.9312336540958445,0
150,0.42198625010805857,0.6969807863355535,0
151,0.7321492006932284,0.9347682175197869,0
152,0.5733923846294379,0.8398047273789403,0
153,0.8279651047522758,0.7016378315582864,0
154,0.676688425360764,0.7830940671416486,0
155,0.5185471372066865,1.046835944672,0
156,0.721958886285794,0.9932978263959404,0
157,0.8127416320592962,0.8382792019397229,0
158,0.6827849409932618,0.7754746887234506,0
159,0.6059545226245643,0.8149159714246321,0
160,0.5552259879775402,0.9633593305893978,0
161,0.3668670476600394,1.2661553912221752,0
162,0.3239711536613553,0.6081567592371454,0
163,0.751439517320723,1.0126099704918823,0
164,0.6392634971919374,0.9831957580465083,0
165,0.5065920611809883,0.6812911527067773,0
166,0.5187841132745061,0.728491074890413,0
167,0.6932090520230411,0.8376592248640623,0
168,0.3276279021897892,0.805906586338927,0
169,0.569836416580457,0.7605175442491252,0
170,0.31730959498842903,0.9250441223422461,0
171,0.5252315178896837,0.7779276751163302,0
172,0.37649627104166794,0.9287012139064805,0
173,0.17553420977799344,0.6037385564571442,0
174,0.3158910163710006,0.8454470184711751,0
175,0.5161720128591477,1.1860777675782783,0
176,0.6199151407304362,0.8618537181585784,0
177,0.43895498945836375,0.696135163857674,0
178,0.43341313945245485,0.8416735237823434,0
179,0.4959997577485769,0.7366877706577383,0
180,0.5296485944133071,1.2113748350665352,0
181,0.39833369872043467,0.9878267689609053,0
182,0.5524043793355066,0.8298618763078285,0
183,0.45346757109843244,0.9152100675598618,0
184,0.42244165542342904,0.7606392158498242,0
185,0.4020499254865691,1.0173542839330711,0
186,0.6816023883962107,1.1120860125829117,0
187,0.8162204837797079,0.7692032272925049,0
188,0.5542432228659367,0.9617456079821284,0
189,0.8119197923813348,0.765785496263631,0
190,0.20018018424852263,0.809897956799447,0
191,-0.06250377815741565,0.8269201081220587,0
192,0.20458534640251114,0.9644076997518536,0
193,0.41888551534669083,1.3117840545913697,0
194,0.5347276908117271,0.8233531265213935,0
195,0.15905498597561965,1.0392646032555266,0
196,0.06877290311885825,1.3092822890637352,0
197,0.5627760537991999,0.8512279447588639,0
198,-0.02168329601096608,1.217872779827827,0
199,0.2920785506047811,1.196659407384987,0
200,-0.009868537383926013,0.8311815117043989,0
201,0.30408400957641063,0.9623754602701673,0
202,0.2070284872811861,1.0794345312161426,0
203,0.07751208095175283,0.9282361545545719,0
204,0.30907838881235594,1.0614095558291257,0
205,0.42131408165700723,0.7353652673093692,0
206,-0.033870898629799306,1.2175630359657879,0
207,0.3333647917162938,0.814026370978699,0
208,0.5710719013944017,0.9885165656918457,0
209,0.49063016249614744,0.9805051840444567,0
210,0.6608394721412522,1.319651329617272,0
211,0.19280640109959266,1.164440786680977,0
212,0.3655741869407543,1.2453580444211436,0
213,0.037404734560569725,1.1103088029818144,0
214,0.4359556583192987,0.6227789755019543,0
215,-0.01850846113661256,0.5680703263867273,0
216,0.15812574303314297,1.120776574727386,0
217,0.506334019189087,0.9933998604094271,0
218,0.5254330896286654,0.7038347607412685,0
219,-0.14712701982017076,0.9699809776640104,0
220,0.264194404373586,0.9757483011098701,0
221,-0.23228265638083798,0.965621197092772,0
222,-0.0858708411256946,1.118498844295213,0
223,0.2421530939321035,0.7976686378835269,0
224,0.05986378172754478,0.7748432398300777,0
225,0.14389864558559656,1.1787168046953855,0
226,-0.046919620146351704,1.089461047841483,0
227,0.03795925887776394,0.8310015521501821,0
228,0.1163842186937264,0.7834129612127764,0
229,0.02083449802284615,0.7517320525517369,0
230,0.5182782601475822,0.9991674117088236,0
231,-0.02084794150364741,1.035678586716658,0
232,0.09039077493531564,0.9494173906133638,0
233,0.22944449428394503,1.14580233240646,0
234,-0.005738514670890593,0.8797873688523642,0
235,0.03909797388818548,0.5351777316559629,0
236,-0.21518701588896738,1.2695084626320774,0
237,0.4105841542684142,0.9468587201227542,0
238,0.19063819813908606,1.059408931169321,0
239,0.6848361874054534,1.2215274886481406,0
240,0.037207001233159995,0.8069186403081864,0
241,-0.2647707295694901,1.0390942772824197,0
242,-0.10102583087709108,0.7142862146864826,0
243,-0.0853464585306404,0.7827233339552457,0
244,0.37511850968444743,1.1756174240304793,0
245,0.0298162308148047,1.2954953881437368,0
246,0.04060375697286119,0.8274273490176471,0
247,0.32347325516933967,1.1076043611177406,0
248,-0.19488319098193874,0.9618533085870945,0
249,-0.1688405067113926,0.7234203146632698,0
250,0.18523550950632833,1.3818833280940261,0
251,-0.28599665872938723,1.1125741081942513,0
252,-0.14269455370771802,0.9024959674508769,0
253,-0.1373272245631821,0.8270241984448458,0
254,-0.015425769854372008,0.8334941660010924,0
255,0.02268060607783949,0.9894589384759042,0
256,-0.08547979204321653,0.8177767402322696,0
257,-0.15932238443153154,1.150111179843276,0
258,0.04993911934510646,0.8032259076463073,0
259,-0.03665207339617932,1.1486789747833328,0
260,-0.3966715757535878,1.1066987669042585,0
261,-0.20158477750357523,1.111732240079857,0
262,-0.2279786368364362,0.6361824801277101,0
263,-0.40709909914479003,1.0062829173663064,0
264,-0.03590669620644682,0.8152702841222907,0
265,0.0336101784369604,0.6632579521492881,0
266,-0.11357767458067833,0.7527477770288088,0
267,-0.2369783758356917,1.0037805246602818,0
268,-0.2849390579302722,0.9167002016740433,0
269,0.08216140174801832,0.8775042306651839,0
270,0.041805188848724,0.7661733303829541,0
271,-0.025603523509225887,1.2796213552010867,0
272,-0.6321191907100959,0.8310823746025559,0
273,-0.028596357116144208,0.9489670413940524,0
274,-0.07599641444649538,0.8678547073947498,0
275,-0.13911650754565083,0.9565528935167219,0
276,0.0709192471370779,1.0375701128681107,0
277,-0.10131291229769346,0.9032692019245046,0
278,-0.27254430378977484,0.8980526969652811,0
279,-0.10231533515147813,0.899248308831277,0
280,-0.12942634320644203,1.3973674104577765,0
281,-0.01932452736452181,0.9158858110097658,0
282,0.04053280391838188,0.8982399777799366,0
283,-0.6134875158054522,0.7769636421419912,0
284,-0.5861654941272257,0.9069654267599317,0
285,-0.21445956555863221,1.311204224393804,0
286,-0.15888528619654874,0.9307067670248043,0
287,-0.06450831043989286,0.5308714491805495,0
288,-0.18937608540201145,1.1258047716920674,0
289,-0.5383164799513758,1.1988774051314917,0
290,-0.18099060566597203,0.8855255783484708,0
291,-0.1282143524621253,1.421140059323314,0
292,-0.22446825527819786,1.0150257560933411,0
293,-0.3587741692284244,0.7937548043970514,0
294,-0.10688477220847614,0.7908109064043125,0
295,-0.2646778585953508,0.8647621963239197,0
296,-0.18922329732069768,1.0252542100747657,0
297,-0.08352817797669199,0.854708771787881,0
298,-0.35101656863570924,0.7591118015901814,0
299,-0.39189392164799636,1.0284394401261892,0
300,-0.15761927104587717,0.7666234514596284,0
301,-0.14106533563417273,1.2202237167512848,0
302,-0.23825662916246937,1.3224574675063574,0
303,-0.4816458694756572,0.6961321345175214,0
304,-0.6885635943038425,1.2421993981907011,0
305,-0.20786478897447982,0.9297638347721344,0
306,-0.288649197910553,0.7136360481941988,0
307,0.13861607573210621,0.9623941231432378,0
308,-0.33453291979227223,1.0794822672363504,0
309,-0.266073520357203,0.9768479173140372,0
310,-0.5262194437737404,1.0240701573154505,0
311,0.002445693557206252,1.196529162565657,0
312,-0.06114177019392181,0.822834071548221,0
313,-0.5835049563291127,0.8975153558501853,0
314,-0.3802286843794635,1.13907015106006,0
315,-0.7356408165777446,1.2236646895761039,0
316,-0.4345080154294606,0.8298649586314335,0
317,-0.6110699497883825,0.5817202530303489,0
318,-0.2497414642009012,0.9247695641226764,0
319,-0.678077908360017,0.6484686701283937,0
320,-0.4929362314230984,1.238631357523898,0
321,-0.4833743159536801,0.6015053687445815,0
322,-0.48626437946812195,0.8448605376168369,0
323,-0.9821355596272161,0.8857820634816733,0
324,-0.4945701221317677,1.0330826971139475,0
325,-0.08419928075047761,1.1163195300979194,0
326,-0.5133575987324539,0.6668312670652106,0
327,0.04952088257251375,0.8970749981353529,0
328,-0.46791807378274336,0.8774662090129526,0
329,-0.43662125151436826,0.8504442278057678,0
330,-0.5964860754777627,0.766934891795785,0
331,-0.4938007797685322,0.764577500583167,0
332,-0.6352964980837243,0.891469800207905,0
333,-0.5491805488236617,1.167869298881028,0
334,-1.0338171633143634,1.0822247875773279,0
335,-0.2598243772508455,0.4460639805223137,0
336,-0.5829770525975763,0.783238482994494,0
337,-0.8013196815642738,0.6987140941811201,0
338,-0.7472897990544616,1.2014485704794162,0
339,-0.34337550567724207,1.1019889550839148,0
340,-0.39149238217034943,0.6185175712585693,0
341,-0.6460253053828305,0.9388194945437528,0
342,-0.7908199085126582,0.9801277260766194,0
343,-0.5997109502600572,0.7591142721032518,0
344,-0.4146836228474897,0.9194485614930206,0
345,-0.6342766110159467,1.0589465349474114,0
346,-0.783481614646736,0.9467197190172801,0
347,-0.4538118740009143,0.7580428214626542,0
348,-0.5123460989738442,0.5661165354401232,0
349,-0.3978850758271957,0.7757137371444962,0
350,-0.692329856396281,1.0188188395423254,0
351,-0.7337255582696111,0.52361562643841,0
352,-0.9092308177622996,0.9227689751400044,0
353,-0.8590154121882814,1.148753275935444,0
354,-1.02431617927135,1.133281672305843,0
355,-0.5707035602124529,0.7708123900016118,0
356,-0.7268434304521245,0.866115655007033,0
357,-0.630314720973082,1.0030511869798926,0
358,-0.6048458315582924,0.8085226538593989,0
359,-0.7052926043558956,0.7631139354545203,0
360,-0.5758636359702779,0.4284795642444641,0
361,-0.9118897375977271,0.9151458256138929,0
362,-0.6128828739438561,0.7256458437409119,0
363,-0.6481469386878003,0.8278782563610559,0
364,-0.764537691814829,0.5985904356556411,0
365,-0.6221428143041158,0.554436514107453,0
366,-0.5843613162913572,0.4054244245766141,0
367,-0.46485444907159124,0.8362612692213478,0
368,-0.6241268612582493,0.9340513141472767,0
369,-0.34685848982990386,0.936129359226186,0
370,-1.0527219521950177,0.47305323407427113,0
371,-0.8140775239264844,0.7298713402292133,0
372,-0.5901215017189805,0.5751602622572136,0
373,-0.6608120660980572,0.5648598965511664,0
374,-0.8249535303972387,0.430203457839641,0
375,-0.8917534304087283,0.43676986006328083,0
376,-0.9067103278047519,0.9133783291204172,0
377,-0.9058162607882199,1.2246418319609509,0
378,-0.6216454447117291,0.7306205305517797,0
379,-0.8963246862232894,0.8291757842691466,0
380,-0.8440961926689665,0.7089490688577608,0
381,-0.2212384385688012,0.660741398777489,0
382,-0.5076584521010387,0.5346975230958471,0
383,-0.7487394708381314,1.024845703663822,0
384,-0.8713345569817356,1.0285015790336374,0
385,-0.6085606825393645,0.5488185101447983,0
386,-0.6277698329249997,0.8510966456783025,0
387,-0.6339999228452826,0.3377887813227874,0
388,-0.9078699461764217,0.5975522344591433,0
389,-0.7813796926293592,0.7663870726867198,0
390,-0.7349730425891386,0.37035511800666926,0
391,-0.698463489997541,0.7546873109698892,0
392,-0.6665042119808153,0.843847506401625,0
393,-0.6156063796668073,0.7146237963337999,0
394,-0.8003215744283483,0.28566742638713605,0
395,-0.7042313685491732,0.6544445910855986,0
396,-0.7396746312087606,0.35258058253054336,0
397,-1.0140057476202236,0.8135601123556053,0
398,-0.8094780156422078,0.7342051225320436,0
399,-0.7996442104850296,0.5988080480602084,0
400,-0.6213602331797478,0.4845763066489985,0
401,-0.7934700090448973,0.49023542192756764,0
402,-0.903238496203647,0.5157382787285397,0
403,-0.7755253549987098,0.4766824012618953,0
404,-0.5723813725137232,0.3883474886828556,0
405,-0.8644549031068337,0.4741371661972955,0
406,-0.5412003223250662,0.5961865717905028,0
407,-0.6277095257194444,0.25453379602103554,0
408,-0.7841179868682899,0.7243205058589567,0
409,-0.8244877844430842,0.7542173271399462,0
410,-0.9477856155220895,0.8176962830161126,0
411,-0.38789831136123315,0.4579434722188022,0
412,-0.9400949860748463,0.8158515253848357,0
413,-0.5383630025531527,0.4152453371900557,0
414,-0.9415640196128238,0.45808261200940487,0
415,-1.1296321292107991,0.32531102645353144,0
416,-1.0647515705432489,0.3500636886149352,0
417,-0.8740076786418463,0.545028051846795,0
418,-0.5600836561067103,0.2930565334005334,0
419,-0.6763979751146034,0.4444523568802305,0
420,-0.8861994219743502,0.616717572535036,0
421,-1.1038607145030161,0.5527201529047492,0
422,-0.8490007847923422,0.5691941849669622,0
423,-0.8273975825508917,0.956211106059637,0
424,-1.0156844456638077,0.35338046962112446,0
425,-1.0156346294733207,0.3428950759074959,0
426,-1.0213188496125674,0.6861865223115426,0
427,-0.6125401871872649,0.3286089722890063,0
428,-1.0658763661872168,0.5313988779282137,0
429,-1.012578568224397,0.558042409232061,0
430,-0.8642424482957596,0.1226304685656261,0
431,-0.5979833842751047,0.7792612630309104,0
432,-1.032663708781873,0.33683526900608707,0
433,-0.8555185092585218,0.4755404327337541,0
434,-0.7835323180863514,0.8049473434669328,0
435,-0.953144071182791,0.23748844172708986,0
436,-1.1960956929687758,0.24518765884881855,0
437,-0.9292981344448743,0.744495564980954,0
438,-1.0285994666416924,0.4245366858495807,0
439,-0.9307297325492118,0.6116378604274171,0
440,-0.42439000071352706,0.2619507981006136,0
441,-1.0299590009618553,0.5711075421183602,0
442,-0.7979506445313498,0.7257533438604575,0
443,-0.8197642496829995,0.2786759020338471,0
444,-0.8206028915154122,0.5663836392910986,0
445,-0.7767843327147527,0.4401927264667509,0
446,-0.7296555979750338,0.5666786626121211,0
447,-0.6686312769722995,0.45663000717287083,0
448,-0.9805219210581152,0.35028634709387385,0
449,-0.7077943516886234,0.15159938545785734,0
450,-0.8773218545205733,0.23034923190947537,0
451,-0.9472303769302552,0.5587256421542338,0
452,-0.9166447311426623,0.3063288912082647,0
453,-1.2286832797548144,0.4402868800337159,0
454,-0.8294249527891608,0.7176702071310681,0
455,-1.0218493326675433,0.3228211715720169,0
456,-0.9121509348439348,0.58844259147002,0
457,-0.9827827847674002,0.32270629447444316,0
458,-0.8438023368899661,0.29816333092116865,0
459,-1.0562882106725406,0.2935887242630438,0
460,-0.7538568111566767,0.04338682728264276,0
461,-0.9435326616607306,0.10257506780757275,0
462,-0.7326224071297055,-0.06813838393303037,0
463,-1.0848828804364443,0.30583180168949464,0
464,-0.6614220669397091,0.21112070873478345,0
465,-1.0869566672773872,0.5943746552846604,0
466,-1.2668709036514423,-0.22775408140196163,0
467,-0.8905780143148055,0.10545176389935917,0
468,-1.1841016158103894,0.34138126997427776,0
469,-0.9323303746890943,0.08073374190351458,0
470,-1.2383481304628676,0.3618727802417535,0
471,-0.8534049694035976,0.16137059087126066,0
472,-0.6152369353196723,-0.038993894289954645,0
473,-1.2907496293339458,0.030451830736484747,0
474,-0.9958031474789677,0.2113050550594217,0
475,-1.0359355521664035,0.22684554434309034,0
476,-1.2389596295760028,0.43897850993540904,0
477,-1.0060063542811646,0.3674699488698777,0
478,-0.9219163564211104,0.2291409345153948,0
479,-0.8773541750230658,0.2211060710957454,0
480,-0.8635701493409691,0.39116373959079037,0
481,-0.9535783706295197,0.26089791161257203,0
482,-1.0115584493774537,0.400879827963376,0
483,-1.129579250808853,0.4667992408574232,0
484,-1.0029826071101688,-0.18579330557239465,0
485,-0.9699410816209222,-0.04210201817646181,0
486,-0.8280048993454276,-0.042673599309735036,0
487,-1.085902614676986,-0.2963175346209488,0
488,-1.0876201641104293,-0.4094490597978588,0
489,-1.3143930710583698,0.2211429569432651,0
490,-0.8408666966981051,0.1478820318863061,0
491,-1.1917967787348176,0.04697626325362826,0
492,-0.9994574644241312,-0.1814286196587389,0
493,-0.6983532743246945,0.21944057643299925,0
494,-1.043482307406522,0.04306735046884069,0
495,-0.9578299987762211,-0.37693621460672994,0
496,-1.0491196657874193,-0.11126675415622235,0
497,-1.2001463543597921,-0.03737161886178296,0
498,-0.6403837388339115,0.14073461213675437,0
499,-1.1142160588126964,0.1207997002367904,0
500,-0.7201289126827995,0.18492673658255387,0
501,-0.9880541868721023,-0.13567049950667365,0
502,-0.8602763814810981,0.06613103720099733,0
503,-0.8207837083752625,0.10818592062098568,0
504,-0.7897736462194329,-0.13217713775545117,0
505,-0.7360277472388664,0.008109161860351495,0
506,-0.5842372981155362,-0.1755277462878483,0
507,-0.6518401740450748,-0.00438596162533559,0
508,-1.1290205573289072,-0.14702148499063372,0
509,-1.062471011747839,0.028314654798358853,0
510,-0.8934596308211716,-0.17753052031702915,0
511,-1.0024834248134218,0.359394046007967,0
512,-0.6516502662404716,0.011937928406873632,0
513,-0.9890652324003898,-0.05758434622450542,0
514,-0.8734300145970891,-0.29240970959042445,0
515,-1.047037272087749,-0.42782512809403245,0
516,-0.9151063924602443,0.029077473089333034,0
517,-1.0909380828568738,0.20818619838274677,0
518,-1.2387644431204767,-0.4057313609154457,0
519,-0.9479922408578193,0.09032250042756118,0
520,-0.6553291630229041,-0.2171100861380923,0
521,-0.7755714643832474,-0.13926605299242406,0
522,-1.0249868856848152,0.03894169681269627,0
523,-0.8591115429199669,-0.45928921394910227,0
524,-0.6933436747927348,0.125792681708733,0
525,-1.1128008808970438,-0.07727375835274891,0
526,-0.8878799069513202,-0.11050241203010211,0
527,-1.095705625918082,-0.30315811830034417,0
528,-0.9896751487274944,0.05952274487659687,0
529,-0.8747251740764431,-0.25532863004435863,0
530,-0.8279475085990197,-0.75708983871174,0
531,-0.7513373773689134,-0.5414922238064804,0
532,-1.0523432406648734,-0.42364395943963606,0
533,-1.2375171994696532,0.026302748705822693,0
534,-1.0708083638305719,-0.1427063335759114,0
535,-0.9853008777145843,-0.12273507595191821,0
536,-0.9591624945745261,-0.48086920578709513,0
537,-0.7738451470926985,-0.3291407433088531,0
538,-1.2829481126466242,-0.3221220292169073,0
539,-0.6699746383632437,-0.07255488237270902,0
540,-1.038313588010203,-0.3185414280285408,0
541,-1.0313284980059114,0.16057887102878576,0
542,-0.8889945483869632,-0.1748331768516829,0
543,-0.7576669874836413,-0.2191441575150728,0
544,-1.0138361007502266,-0.31222190533432087,0
545,-0.9746139375597559,-0.2864355533411976,0
546,-0.8129958802899798,-0.27463008530851635,0
547,-0.8101840361157145,-0.30717948284998847,0
548,-0.9391375066834249,-0.6966817184834566,0
549,-0.7697138065767224,-0.23373757445317567,0
550,-0.7514544943232232,-0.8882680700136851,0
551,-0.531421204034149,-0.34290444528633945,0
552,-0.7254617416472411,-0.5289247952323157,0
553,-0.8225082941672909,-0.5375711422896737,0
554,-1.0677443280320253,0.04998672625037054,0
555,-0.9790172491068948,-0.2952513456093469,0
556,-0.7647203115161232,-0.2455065455799963,0
557,-0.9064661057194769,-0.2775421196980141,0
558,-0.45364582540895687,-0.36793563811996804,0
559,-0.8918513031152174,-0.15214448750302317,0
560,-0.7086712992966546,-0.13071849157260187,0
561,-0.7996991089288243,-0.6025601882838971,0
562,-0.5983909003742388,-0.6090481741255388,0
563,-0.8621456468223081,-0.5364391622812683,0
564,-0.9330595166844687,-0.3256211847765065,0
565,-0.8534831825939264,-0.3127637397877238,0
566,-0.592498918809188,-0.31219957541086696,0
567,-0.9615229144616326,-0.21583164107867747,0
568,-0.6722118729000676,-0.6598971440206826,0
569,-0.7880044105711453,-0.2798511799496266,0
570,-0.9643397531380179,-0.15063792890274874,0
571,-0.9321450767747081,-0.4063407549866506,0
572,-0.9340196164231449,-0.4339999571346395,0
573,-1.1158960541642762,-0.7307684075577606,0
574,-0.5749404115062692,-0.617775485753698,0
575,-1.0892849940796294,-0.8846685224602897,0
576,-1.0159287983514451,-0.7241978193029874,0
577,-0.5568282793051814,-0.2631876602089315,0
578,-1.019921295470498,-0.020216771096470798,0
579,-0.6829632127922374,-0.5412044803696636,0
580,-1.376187823018578,-0.02356515958356703,0
581,-1.1511769481626393,-0.816329875116711,0
582,-0.6656696682675975,-0.004776860280437223,0
583,-0.5902161374623862,-0.38540328132901913,0
584,-0.7449725488597781,-0.33294008987969925,0
585,-0.7089563090465906,-0.45280313095649605,0
586,-0.836686435403277,-0.5269581593614109,0
587,-1.0050703494726303,-0.5759523579940644,0
588,-1.1895858446337688,-0.5448425553202458,0
589,-1.0453961575152666,-0.7512290477498884,0
590,-0.8083490952713193,-0.2574263377100769,0
591,-0.6572812610977063,-0.8552213728515116,0
592,-1.0354536673562094,-0.35824010913662585,0
593,-1.0305759123208331,-0.5965725006278351,0
594,-0.7205854793909023,-0.7505445074609151,0
595,-0.8060054730453698,-0.8288884768357715,0
596,-0.9438061264186701,-0.5033125622982492,0
597,-1.138550856031786,-0.4843371780025112,0
598,-0.82026681050252,-0.4670747125388382,0
599,-0.7679113376201615,-0.30986239367380736,0
600,-0.7839720938453658,-0.6736663605175239,0
601,-0.7808483851046653,-0.48419721435378155,0
602,-0.7917949708057358,-0.5897866448167424,0
603,-0.9381927770999221,-0.7355097251992143,0
604,-1.074511453007774,-0.2580149490572176,0
605,-1.0389276594539474,-0.751488093212158,0
606,-0.9299698852504583,-0.43887473770144614,0
607,-0.8413807462349936,-0.37323936595336593,0
608,-0.913160426415797,-0.5718925288459403,0
609,-0.9415724708506854,-0.20354033635844665,0
610,-1.0080329265816919,-0.5754598477032842,0
611,-0.6397376306229301,-0.5594928336862848,0
612,-0.7995000427869895,-0.6730201015161296,0
613,-0.7495996208928999,-0.6812341256265765,0
614,-0.5614755573771218,-0.21448115543468627,0
615,-0.8616094266320261,-0.9352724612394676,0
616,-0.763597555094433,-0.1500699999033881,0
617,-0.9024766863326855,-0.3428622154479064,0
618,-0.4019729545428858,-0.7860504564626233,0
619,-0.619458730385505,-0.3542740540967116,0
620,-0.804794175618909,-0.7252631779491611,0
621,-0.8409893129767754,-0.8920651545259218,0
622,-0.8501645339011082,-0.9384413591652564,0
623,-0.7091197893699858,-0.8521600652052013,0
624,-0.6647784948511356,-1.0138290990395749,0
625,-0.6409307347436559,-0.5404009888647627,0
626,-1.1013970983131405,-0.6367243632397708,0
627,-0.4526316204988143,-0.9578646867600722,0
628,-0.35913882844526424,-0.6365052230146979,0
629,-0.8301161795390303,-0.7358069457185878,0
630,-0.5728817234243442,-0.7137675491389293,0
631,-0.5722021802331453,-0.9173900648384334,0
632,-0.6414606433138087,-1.02025601673917,0
633,-0.6929307888064599,-0.9225233010316973,0
634,-0.813117855952205,-0.4987225103820946,0
635,-0.4430498412047981,-0.628283445449024,0
636,-0.8750483086874722,-0.8175330706750641,0
637,-0.40921418530504167,-0.7300185325607412,0
638,-0.18319005357310536,-0.6837789431325735,0
639,-0.6038428298785783,-0.8283162996498499,0
640,-0.6107158087922331,-0.8010072100518981,0
641,-0.49094842657540655,-0.5831625968398169,0
642,-0.7848892533922902,-1.0447088922785792,0
643,-0.9900288551087719,-0.6807925451940794,0
644,-0.8385329343251087,-1.2168665507271157,0
645,-0.5351913327467837,-0.2915551088891323,0
646,-0.6091444800025836,-0.6262922437575072,0
647,-0.5865636699795116,-0.8175723701767996,0
648,-0.41408968645996536,-0.8596218937086066,0
649,-0.5393783573466784,-0.7409683244719194,0
650,-0.721403343021083,-0.6106085244676428,0
651,-0.6176824310076575,-0.9638431963316632,0
652,-0.4702707347081869,-0.9960328470753914,0
653,-0.5667958941207649,-0.8217759086542933,0
654,-0.35008983596044074,-0.7285929510524369,0
655,-0.5670887696011597,-0.6635273144345042,0
656,-0.27883410668472514,-0.7190338379254403,0
657,-0.5495753466597543,-1.096445680083203,0
658,-0.7594170793493434,-0.8985729809130754,0
659,-0.6630236925587325,-0.8783388428952582,0
660,-0.5244968099995749,-0.7383893746306691,0
661,-0.5446109399185523,-0.7503776073198428,0
662,-0.5122797469992713,-1.2460877950654663,0
663,-0.7076844213844603,-0.8830949428436183,0
664,-0.7563784823497283,-0.7375409101944111,0
665,-0.2028912492816316,-0.6169896566644804,0
666,-0.5463117758218026,-0.5657781898228447,0
667,-0.46845161389906825,-0.9344878953880982,0
668,-0.6154078742564797,-0.9306776919671512,0
669,-0.5648854894335777,-0.8391792103348228,0
670,-0.44963887789174234,-0.8756974760131807,0
671,-0.3888505697186687,-0.6411870552332881,0
672,-0.2807931050770677,-1.179270820124934,0
673,-0.9759353050578495,-0.6983673290846004,0
674,-0.7329556003045719,-0.9330895291920813,0
675,-0.6880131049514189,-1.2514026117043717,0
676,-0.3400906704490744,-0.7420103920907345,0
677,-0.5580603111842455,-1.4148494952142179,0
678,-0.546364656301429,-0.8210444504858618,0
679,-0.7272383594357847,-0.8654619754123717,0
680,-0.42884126139967205,-0.7889687525458017,0
681,-0.3961696547289755,-1.1020982127174281,0
682,-0.1750612806603861,-0.9418118852903895,0
683,-0.4141099826383352,-1.0993451792181421,0
684,-0.49156288595196485,-1.0922017154262977,0
685,-0.4317371026194649,-0.5754129296555126,0
686,-0.6657538954234736,-1.2429441269412187,0
687,-0.09134992677867437,-0.9645374753004883,0
688,-0.5135936432537844,-0.7170962693552427,0
689,-0.4950823136851735,-0.5622432106252739,0
690,-0.23253937841682398,-1.027358767517392,0
691,0.06918627594855487,-1.0532140970588786,0
692,-0.20799280431138903,-0.8744704263753138,0
693,-0.0901860623114995,-0.6242476474028218,0
694,-0.33824209336136335,-1.089417431723111,0
695,-0.24674349165746806,-1.0764238429046467,0
696,0.06985790498233846,-0.9156834696763172,0
697,-0.3999523399173641,-0.9081270140068233,0
698,-0.5903688677131491,-1.1414211126968745,0
699,-0.07490373806641953,-1.0804750007845738,0
700,-0.5183991909113355,-0.8437259657896963,0
701,-0.06589443870017425,-0.8091886793842056,0
702,-0.09783204441587168,-1.106223562460535,0
703,-0.5753983001766402,-0.6564453211677332,0
704,-0.3495552302384033,-1.0086883923083854,0
705,-0.0133522776694171,-0.8490476837968112,0
706,-0.18177438110100358,-0.5290272026058691,0
707,-0.39560563539640436,-0.7781556526737622,0
708,-0.24943888131047975,-0.9116631830606226,0
709,0.05092295959912402,-0.8654343365045103,0
710,-0.14103067135492783,-0.7540816936666708,0
711,-0.3155897767039845,-1.1379685299579072,0
712,-0.44546083582793095,-1.3649030507898745,0
713,0.18085199931147394,-1.1937401841264632,0
714,-0.2685214856665359,-1.0298895327643613,0
715,-0.15666190183472223,-0.812769319430888,0
716,-0.03991241225010578,-1.093883611281981,0
717,-0.23928695152716334,-0.9220649142278122,0
718,-0.24944820575111654,-0.6583859371802483,0
719,-0.0953544777232096,-0.8341149602333707,0
720,-0.05480506085224207,-0.7475924792316238,0
721,-0.14500145188639546,-1.242811594586499,0
722,-0.09508546862474762,-1.1148357132875713,0
723,-0.27455678106268555,-0.8683717913979793,0
724,0.08501944909184375,-0.9824316288606558,0
725,-0.09466786252043827,-0.64724535166809,0
726,-0.10207495322304308,-0.4683151219018351,0
727,-0.030908853425943378,-1.3417286704338145,0
728,0.012878033536268874,-0.9142297487200958,0
729,0.12638619172426663,-0.8566713608155149,0
730,-0.1530244303610585,-1.236974348572351,0
731,-0.16090181155207464,-1.1629866954116737,0
732,-0.22896107483442646,-0.8758956296358864,0
733,0.2273697465950216,-0.9153664844324028,0
734,-0.33953832725825195,-0.906030483337272,0
735,0.14521798401061628,-1.1175185454669565,0
736,-0.11465462988532675,-0.9931959701973331,0
737,-0.23857027418460514,-0.867009841265258,0
738,-0.09951643524948897,-0.9132524114792084,0
739,-0.24655846127482614,-1.0851041664259073,0
740,0.08168575203624108,-1.072593358846625,0
741,0.28887423576465626,-1.0783287872318954,0
742,-0.00530737302939209,-0.8122187902313995,0
743,-0.3276412649044714,-1.3511946970742799,0
744,-0.3428214455839531,-0.746772651955153,0
745,-0.14178238825661765,-0.48786670323208114,0
746,-0.13797961517481472,-0.9627739286438927,0
747,0.2895735507981671,-0.5986037747489843,0
748,0.39973467544392666,-0.7582477980851876,0
749,0.19852936119673376,-0.8814748710159005,0
750,0.15567221523332736,-1.1102371432657068,0
751,-0.15735663271890218,-1.0006551523383276,0
752,-0.021470884621633157,-1.0905666540692711,0
753,0.15812592920675167,-0.8087613106667069,0
754,0.04281147270170698,-0.7041781730722476,0
755,-0.1969270637485722,-1.0382384522216752,0
756,-0.10567428145062632,-1.3725967960552012,0
757,0.027431981149324793,-1.0233824363547814,0
758,0.35293426682819606,-0.8725746196950619,0
759,-0.14831883038381663,-0.6275830368421373,0
760,0.3069972586343843,-0.8816071877345484,0
761,0.02376320594443937,-1.1895003537059212,0
762,0.0008854503137225717,-0.7794091763197767,0
763,0.4585078727550794,-0.6880172223795921,0
764,-0.009918687806511978,-1.2200570958009749,0
765,0.12228556270075527,-1.3492498377156503,0
766,0.16499525768817097,-1.024471534241034,0
767,0.013403853901611737,-1.313241403850358,0
768,0.21557640618742488,-1.1001514784523907,0
769,-0.1148862070471875,-1.5673350472261434,0
770,0.11983025255417698,-0.637664381980529,0
771,0.46381620200185697,-1.0827268823867608,0
772,0.01734787861228204,-0.8967065744816465,0
773,-0.05566630528540645,-0.9292177386387579,0
774,0.3034416447976953,-0.7432650999610524,0
775,0.13640364974424013,-1.028423090630531,0
776,-0.012959352156428294,-1.15206201501584,0
777,0.12353766633242844,-0.9121714937857625,0
778,0.3577399842219263,-1.1452001246652743,0
779,0.4797434774190418,-1.0376699252038435,0
780,0.1831078557160379,-1.1317295865582533,0
781,-0.291298584003728,-0.8042814381711241,0
782,0.3470787599328934,-1.0361205638078896,0
783,0.21926075221485594,-0.8753930607846522,0
784,-0.10050206145525406,-1.0830786590374524,0
785,0.37699617732090834,-1.2267746465725973,0
786,0.282982347382707,-1.2458432337112582,0
787,0.3236754231632963,-0.9802268074416232,0
788,-0.08652736615737716,-0.7386838620232397,0
789,0.09568091543579726,-1.132177083892982,0
790,0.2888037266110435,-0.7388556912428881,0
791,0.05160636188770254,-0.9546655177928408,0
792,0.3466048063560118,-0.8267605173806449,0
793,0.3021903003758205,-1.0371292461066741,0
794,0.10743389138758166,-0.9447988949768109,0
795,0.06456330364210783,-1.5445637823758647,0
796,0.3723312233015102,-0.7777348208001367,0
797,-0.18155032028009577,-1.158658192500818,0
798,0.4208724337780742,-0.5433654508043033,0
799,0.3071940111678557,-1.0985799297630456,0
800,0.2724377061539792,-0.6760812324655167,0
801,0.18579368383039804,-1.1089345463203453,0
802,0.22439490537080292,-1.1377640266464868,0
803,0.35142209285390197,-0.6201273834858926,0
804,0.3974353991461925,-0.9934612363181219,0
805,0.28037566646218304,-1.2535189306935568,0
806,0.521264878603949,-0.9543012970564345,0
807,0.3144383374731336,-0.29792837317922016,0
808,0.41616246038638816,-1.084687152475649,0
809,0.27700384746343687,-0.7023819706188601,0
810,0.3907786347922311,-1.2174320815517246,0
811,0.5578049926528411,-1.06107397044246,0
812,0.7544386507653107,-0.7090675936915283,0
813,0.29611961314564633,-0.6664694675230922,0
814,0.4049447689426836,-0.7496771123414263,0
815,0.4940944540936757,-1.0870259566821558,0
816,0.27419646925017005,-0.7092490091046854,0
817,0.3416940083150411,-0.9934212800519021,0
818,0.22335106512341343,-0.8253861575663035,0
819,0.8325907122604356,-1.1209910073919713,0
820,0.4306231828996242,-0.6223829413829337,0
821,0.4155277674318164,-0.8116596001182559,0
822,0.22463706102155703,-0.8137438321248412,0
823,0.4053293780379915,-0.6994950376492634,0
824,0.6858604264029826,-0.37592869574754084,0
825,0.5699171343822618,-0.8258472608719346,0
826,0.4984567209369553,-0.958769707375682,0
827,0.5328478467697965,-0.9443115933602612,0
828,0.5043961274192558,-0.6187717193133611,0
829,0.2749296906120109,-0.6513405979647471,0
830,0.7451766875696888,-0.8999203854420791,0
831,0.06287914592361349,-0.9948268522288066,0
832,0.7521262508605132,-0.8747573671293022,0
833,0.29832465888050885,-0.9680256854101335,0
834,0.6717472069366713,-0.7545767035525595,0
835,0.46125499591643265,-0.9341069093668809,0
836,0.43608790397274205,-1.0420086930933528,0
837,0.8428924805145983,-0.918741525541563,0
838,0.768606334126395,-0.5467312714102015,0
839,0.7301733639363266,-0.9340019986286926,0
840,0.6165728130463186,-0.8491670467801982,0
841,0.36038087998085,-0.7760727259538487,0
842,0.3105863885023088,-0.5999921623498288,0
843,0.45872241116875156,-0.7938465024386034,0
844,0.6135331907974167,-0.8823768939366279,0
845,0.6794221381471856,-0.9220613055990667,0
846,0.7415284086182057,-1.0927285336777768,0
847,0.5977080415038734,-0.4321663095137953,0
848,0.37750643850115234,-0.9518882448221545,0
849,0.6854720496003592,-0.7767778080451743,0
850,0.6579112721471847,-0.7111795683454148,0
851,0.7198011138734135,-0.5833679173198771,0
852,0.6798687144432214,-0.8498185157945851,0
853,0.7374442819295712,-0.41781805255952764,0
854,0.5814035484180907,-0.9888962595819636,0
855,0.8343231875103715,-0.8142312451664098,0
856,0.18332570388752717,-0.6168040967065345,0
857,0.5157221432973277,-0.8004974670374205,0
858,0.6940874274045036,-0.74036236561121,0
859,0.7744605253409322,-0.8616003343127026,0
860,0.7400451493839065,-0.8224225782925725,0
861,0.7900147493540849,-0.6434195100067391,0
862,0.4599682211605256,-0.5452460877764411,0
863,0.5446410362780691,-0.5967503556324927,0
864,0.730043218433225,-0.3866146453770789,0
865,0.6166186688492815,-0.819974428854099,0
866,0.6621279462567049,-0.8065771019910374,0
867,0.8306739569251302,-1.0650038944260567,0
868,0.46459632429175357,-0.9510737016740127,0
869,0.8700148971171346,-0.39113267170617466,0
870,0.6636572622211944,-0.7627329720594137,0
871,0.703124241009985,-0.49227746966540825,0
872,0.5081826789746902,-0.6726352283409498,0
873,0.8932049449499584,-0.6157176490338624,0
874,0.740566293118598,-0.511326458695857,0
875,0.16646032258669985,-0.5715317172803661,0
876,0.5807205405838007,-1.0687765491701404,0
877,0.8181770029268273,-0.4234337099608812,0
878,0.6928193219623688,-0.503078396372217,0
879,1.0471087817847757,-0.426130917670539,0
880,1.0569615332956905,-0.5361216077143098,0
881,0.7483420740028787,-1.0003465411018528,0
882,0.688300619732184,-0.843982127184263,0
883,1.1759303162383021,-0.7058627390231872,0
884,0.7705821067810791,-0.5557147922261583,0
885,0.7588315589049505,-0.322301657237501,0
886,0.6297215083892134,-0.617664264705508,0
887,0.6098677981491124,-0.9158382275450196,0
888,0.6400886928303908,-0.6544633209791267,0
889,0.6806325619058982,-0.7807368491513552,0
890,0.48924975004142257,-0.6540451042744286,0
891,0.47355898539253327,-0.48055896917520413,0
892,0.7949502521539242,-0.9192016611836864,0
893,0.7205489951666153,-0.7732190616062293,0
894,0.8501233342204553,-0.3497695238857052,0
895,0.41512051844654135,-0.589901837823493,0
896,0.7619638395345075,-0.4736622824045119,0
897,0.8404337651861088,-0.7533234080367885,0
898,0.7377561977375532,-0.7571101544182162,0
899,1.0205093134308418,-0.5885944904266707,0
900,1.1892551315255488,-0.5999174150553975,0
901,0.6710128110510015,-0.8854333581911412,0
902,0.4557113154659949,-0.8943998920233658,0
903,0.8733774395277493,-0.47068712094860377,0
904,0.5072944572220007,-0.38826128631153345,0
905,0.7304683639378742,-0.5327247754550204,0
906,1.1530400248468975,-0.3775077533150816,0
907,0.7803723040320045,-0.729884315711488,0
908,0.40716495977628087,-0.690225010582753,0
909,0.7987185345326301,-0.7385571575571128,0
910,0.8180765320835544,-0.5204564183872427,0
911,0.8027067397234675,-0.6605117004714262,0
912,0.8847254161880376,-0.4367865000474136,0
913,0.6361976162107259,-0.23763086667145544,0
914,0.8378090297368002,-0.5106696091925365,0
915,1.0023849116552552,-0.46239818949767086,0
916,1.0545507439754842,-0.4461983685953962,0
917,0.7445832262364025,-0.4258844002982703,0
918,0.6414385132053932,-0.47101540039298706,0
919,0.8666164566810283,-0.5288734971798399,0
920,0.8505991777560774,-0.8581234832012432,0
921,0.7695713286423641,-0.4576692234397158,0
922,0.9142625048344334,-0.6762389603505241,0
923,1.1383728795053956,-0.638386047720358,0
924,1.082027888918892,-0.3741409882471507,0
925,0.7617610622196072,-0.09892832121764455,0
926,0.6551140577999679,-0.2645523813680317,0
927,1.0967575003938315,-0.5768822728542307,0
928,1.177898311579237,-0.4871250695707231,0
929,0.9598726852241742,-0.3793916779267148,0
930,0.8779653041719101,-0.2636176369331158,0
931,1.0661821686515596,-0.7697921230594424,0
932,1.1709740192606262,-0.7468739786004193,0
933,1.1192008282718344,-0.1833080473708322,0
934,0.6970478865778779,-0.4850692933045798,0
935,0.6966136919867941,-0.4401320966925274,0
936,0.858624990528722,-0.2354415603833345,0
937,1.1847344890940366,-0.10644723011940493,0
938,0.8126436015187977,-0.4216234702707067,0
939,0.5907575148904713,-0.5351332190370377,0
940,1.122746812507743,-0.04500798797503153,0
941,0.6852013380822264,-0.48076821853512475,0
942,0.9290477910648267,-0.3003796469493291,0
943,0.7746291827638631,-0.26572211129844125,0
944,0.8439659882396909,-0.34753337735017253,0
945,1.0501376185549653,-0.33745346628310385,0
946,0.8557133577875509,-0.3547415053081524,0
947,0.9273904833387377,-0.40089023563136794,0
948,0.895339092461324,-0.0012141757062655856,0
949,1.0612800345785423,-0.37408258326113675,0
950,1.0904473971973005,-0.37578089232614964,0
951,1.1876042690345472,-0.22910683119315495,0
952,0.9334041159457972,-0.20749819641497952,0
953,0.6425368211451307,-0.5163896606102325,0
954,0.7197367877375648,-0.2564306435172348,0
955,1.3067966855739614,0.1672689231992977,0
956,1.0896378918742373,-0.17278304052843377,0
957,0.6035121314594618,-0.3754367492671802,0
958,0.8078248884516261,-0.38501102594012,0
959,0.9333727240454771,-0.34918884122280786,0
960,0.5727231990534736,-0.09910783594134773,0
961,0.7555779913421445,-0.19474985797317762,0
962,1.3864482668646687,-0.420375915341009,0
963,0.4670410064328605,-0.28759027105261276,0
964,1.1947187997862914,0.16739872989473809,0
965,0.730006843048264,-0.11880339674923808,0
966,0.8842060322121827,-0.23319678078288203,0
967,1.507449573728879,-0.5064566744489118,0
968,1.0306029846831615,-0.10617134616132055,0
969,1.1982477824312037,-0.17395283735668085,0
970,1.0438973586295093,-0.2657110280700829,0
971,1.0372705932443511,-0.24984421872661902,0
972,1.1088787125004156,-0.2489451261840028,0
973,1.0610646739294354,-0.174686007449729,0
974,1.2118959943623018,-0.17291590991258068,0
975,0.6330818469537614,0.09594983510256724,0
976,0.8075052845653903,-0.28097885685052076,0
977,0.8704438597939526,0.1308768360819112,0
978,0.5633265829009122,0.4897594160473612,0
979,1.202518992882717,-0.08691657626645061,0
980,0.9811359011912206,-0.0682224185927724,0
981,1.0971070902456814,0.009945957095141747,0
982,1.1047322037206981,-0.09494024862243135,0
983,0.9548331063355338,-0.13686581100596207,0
984,0.955969360910764,0.12639230452219782,0
985,1.1142733090592523,-0.6821860402513701,0
986,1.1273137644491247,-0.048903957606988305,0
987,0.9929241767448503,-0.15929430218593432,0
988,1.2219814442578167,0.11417848689663887,0
989,0.8430369727965034,0.012350431710501736,0
990,0.8036953815200143,-0.33871415248709935,0
991,0.873058105190982,0.11596015999452695,0
992,1.1893619656812349,0.05237276583968926,0
993,1.1440520920477242,0.0592675391051266,0
994,0.8709931535959987,0.04869432626485392,0
995,1.159588465411268,0.11944750688458651,0
996,1.2374668635782284,0.1165306739968757,0
997,1.0701119938891255,0.19518160794787734,0
998,0.9946167923540041,-0.18894097012889563,0
999,0.9673668680673844,-0.15526367292684864,0
1000,0.5649643450051236,-0.028903734143103568,1
1001,0.5415021983993036,-0.057194105151916794,1
1002,0.32122179755191416,0.05145496939293454,1
1003,0.7001167417390111,-0.15022381841285243,1
1004,0.8316280661847909,0.20510509433564791,1
1005,0.37814261938221727,-0.13055742435855305,1
1006,0.5456741608909527,-0.16159749235281878,1
1007,0.8652180226610369,-0.007987544932055272,1
1008,0.6462129013620901,-0.36560145015551204,1
1009,0.8259646911181278,-0.20828870483327735,1
1010,0.7106052359530557,0.0994287512621577,1
1011,0.9704604736205877,-0.21342206182373838,1
1012,0.09410879901826463,0.08949867282029186,1
1013,1.0577683859259916,0.3049026986855977,1
1014,0.7392254094551458,-0.03683139954088926,1
1015,0.858317894549618,-0.1288334206179337,1
1016,0.791737265758154,0.1713472322291758,1
1017,0.9080525347776751,0.6265598157748975,1
1018,0.7740111107997593,-0.022793255730062592,1
1019,0.6899029607604706,-0.27044716891141485,1
1020,0.5555376647023229,0.005876775872392173,1
1021,0.5890976621617361,0.12256602577134215,1
1022,0.5288390115112157,0.32065933694414095,1
1023,0.692744696005495,0.09894748355885363,1
1024,0.6264772780139563,0.13619604915632577,1
1025,0.8564014913501233,-0.06392191761401847,1
1026,0.5590568631304562,0.053100809881085564,1
1027,0.4207770319096556,-0.04566816064538584,1
1028,0.5939508594615119,0.29739397742523876,1
1029,0.7409239092971158,0.16556201681250501,1
1030,0.8577806679436766,0.1036925625301279,1
1031,0.7648563321961117,0.11484027704910293,1
1032,0.7389710065488984,0.0232452548377685,1
1033,0.19724320137254453,0.11724799370165609,1
1034,0.9686373137177235,0.3336480573937567,1
1035,0.8762212302753573,0.39992641333882334,1
1036,0.6999003291428915,0.19645267414568593,1
1037,0.5576385786006185,0.09805802746820343,1
1038,0.8032964429945001,0.4063261853503705,1
1039,0.6511993624068741,0.07978160858650288,1
1040,0.6781138045613612,0.2943242708012213,1
1041,0.3881300782069961,-0.28089668264908013,1
1042,0.565659777284975,-0.061553430779903884,1
1043,0.5729785352735446,0.15727532876076858,1
1044,0.5827696883056575,0.48155986175627674,1
1045,0.7375545328943242,0.25538864614962614,1
1046,0.7954066811208435,-0.028253139827170592,1
1047,0.877520793575235,0.1885724594726983,1
1048,0.8025013047708925,-0.0064423395041066644,1
1049,0.35633378585884024,0.3757026203479475,1
1050,0.7410214666261107,0.035901585190961094,1
1051,0.49043468523826733,0.4455775206416672,1
1052,0.42508643492285536,0.5531951175162393,1
1053,0.4814200056962895,0.3565000058801363,1
1054,0.5943696799752082,0.35361116738255927,1
1055,0.5497937378451192,0.20455796295724513,1
1056,0.665297535436856,0.04081255506586737,1
1057,0.8037497898077597,0.14273131083956425,1
1058,0.6083102766516246,0.050618440177573054,1
1059,0.1399830469616855,0.2153872041731482,1
1060,1.133366624444359,0.41460804445887933,1
1061,0.6453595313873839,0.20919327817480676,1
1062,0.6520472233465299,0.3752691899003028,1
1063,0.4097083548473114,0.492773133527952,1
1064,0.787238556244358,0.41759871192762854,1
1065,0.7301233857407322,0.2819268549831444,1
1066,0.7752410680280063,0.4003973317478394,1
1067,0.5680759689942472,0.17133399773606411,1
1068,0.6574454385318943,0.5998669369943364,1
1069,0.38741768204800164,0.0005549567377763354,1
1070,0.666331104973517,0.30822304446675447,1
1071,0.6661621044318237,0.3508098715583713,1
1072,0.5849432251694987,0.6039537243760695,1
1073,0.307467930054362,0.14423135677118185,1
1074,0.6050380448760752,-0.014769510967810928,1
1075,0.5885336860454433,0.6500873829632865,1
1076,0.6258728118286735,0.3678460835787782,1
1077,0.36762896489820257,0.20233347304632532,1
1078,0.5425645824396799,0.265949733164486,1
1079,0.8718501761341431,0.4449049547125823,1
1080,0.39112308464329804,0.3865285275576017,1
1081,0.710928068066301,0.5691048957119859,1
1082,0.9252367655823427,0.1418903007182303,1
1083,0.44477798857307527,0.09721400195472024,1
1084,0.5579424202135884,0.4458079160342994,1
1085,0.7999863222205809,0.3411387862967553,1
1086,0.5362991546845877,0.39045927209680253,1
1087,0.43096562186350196,0.7817798841734513,1
1088,0.27416393183267246,0.4045703567520519,1
1089,0.9980957991054861,0.3727177979267134,1
1090,0.5530217408511116,0.3035896719232122,1
1091,0.5525828712562367,0.6533545714241191,1
1092,0.14389724576359786,0.6891627829732535,1
1093,0.29906347303919073,0.33282164359301825,1
1094,0.49556824537733646,0.5075235854958755,1
1095,0.2593315316154437,0.48589289771287997,1
1096,0.9813347429972696,0.12445346347016739,1
1097,0.6119077100498956,0.26830605235689176,1
1098,0.6566149167406359,0.4081304478787377,1
1099,0.4405885332943038,0.5054577927422181,1
1100,0.9271815180198117,0.37326891825927144,1
1101,0.7076671084274216,0.15634518253850865,1
1102,0.36980961404601176,0.5130147437163386,1
1103,0.8552793133841926,0.49317334893944925,1
1104,0.49318167294885384,0.4254094894708946,1
1105,0.3030269618690397,0.5499380028281569,1
1106,0.7268685149603151,0.34208366259661793,1
1107,0.4536651378517113,0.48912709227208845,1
1108,0.45757966388879723,0.42615742997832584,1
1109,0.9620964999724168,0.39339397318998776,1
1110,0.4676912395388079,0.31668843169705096,1
1111,0.6853834990665322,0.41333202257998847,1
1112,0.4038351500437282,0.7171999795532134,1
1113,0.8147739416048327,0.33619889456287405,1
1114,0.15466797624314932,0.661112766994454,1
1115,0.3881517835893208,0.62104342555911,1
1116,0.12813803825456027,0.644727774863838,1
1117,0.2769848550609612,0.6156327273890089,1
1118,0.5191137957180084,0.28194508180538813,1
1119,0.43187147977043583,0.6132310564970336,1
1120,0.5314569298180349,0.596065570244579,1
1121,0.9025453080340298,0.16953134352893362,1
1122,0.8276588324152595,0.5064285015736061,1
1123,0.32139872845065615,0.2226530681476328,1
1124,0.460250895891093,0.6761850012440862,1
1125,0.46946492275507645,0.7972057328800527,1
1126,0.20161984084888257,0.4956571844772888,1
1127,0.23823710441280704,0.5738819146402754,1
1128,0.6629347920884234,0.4200639586853242,1
1129,-0.03846310545428305,0.5470468204902316,1
1130,0.5665306844967839,0.5911369901873276,1
1131,0.7231238034701242,0.2990680064259822,1
1132,0.608776186774807,0.7547606846463167,1
1133,0.11376238677440059,0.5831496061009129,1
1134,0.36537234100244187,0.5058542671765982,1
1135,0.5324536024342235,0.42763203591861115,1
1136,0.32446841319474706,0.5348064500128775,1
1137,0.23883441993805452,0.3136883149250682,1
1138,0.5888138296899117,0.3039509506762822,1
1139,0.5828393574054513,0.629063363337335,1
1140,0.10103544706596346,0.40384633947592136,1
1141,0.6816209939486616,0.34591903591117734,1
1142,0.34650310044161275,0.6373357897472957,1
1143,0.5926295481981978,0.4973657901947125,1
1144,0.31299969022490565,0.8348758748353349,1
1145,0.7768148703165993,0.7488801188193424,1
1146,0.44261483689922854,0.39414013472529935,1
1147,0.2559617978710042,0.6629589287301512,1
1148,0.502213132318,0.8414166079988994,1
1149,0.5450897926199693,0.2630994596458217,1
1150,0.6218392001493148,0.36669977059958053,1
1151,0.33108908137753285,0.6189259563535047,1
1152,0.8034343903523802,1.1934211867031008,1
1153,0.5220470997434501,0.5373271527837391,1
1154,0.5039893940848396,0.7540039035146664,1
1155,0.3293248393850531,0.9379986731746577,1
1156,0.43582708338001197,0.6809657472553476,1
1157,0.5193369598507935,0.6681722256521109,1
1158,0.5502641428079107,0.46281899072011456,1
1159,0.267124525699607,0.3686303610143793,1
1160,0.4629790026093428,0.7468168485538333,1
1161,0.4629124022450909,0.9282730419290657,1
1162,0.36650303720709765,0.7294444683747867,1
1163,0.1455319646066337,0.5205742616946264,1
1164,0.49921522516021,0.7700890814841854,1
1165,0.29753560149242336,0.5881995685311472,1
1166,0.048961491808870716,0.5333405518736628,1
1167,0.5268062064416008,0.7219904940364562,1
1168,0.445042283360046,0.61908336570486,1
1169,0.3424877197333678,0.47921949047225465,1
1170,0.4769932559117077,0.6976092649085824,1
1171,0.4317705121661172,0.5103144485998733,1
1172,-0.10117583145851616,0.8370344008552064,1
1173,0.22983826345253994,0.44710676512409453,1
1174,0.46040168481784016,0.5432929861856552,1
1175,0.5297806266270071,0.7471057568471969,1
1176,0.45058211590311803,0.35249785466577777,1
1177,0.5523195588045111,0.6798988319964363,1
1178,0.2321256088064123,0.6582613695649099,1
1179,-0.053227814602992696,0.7132243338538762,1
1180,0.09217120245913654,0.3628448795575068,1
1181,-0.01041182735531393,0.857776772176767,1
1182,0.1642102279567411,0.9438197214627968,1
1183,0.1788940597049848,0.29741251966386256,1
1184,0.05872961700983201,0.88783114483603,1
1185,0.24682388785701287,0.5327707786806666,1
1186,0.30596521195659915,0.7445188403896181,1
1187,0.4933885577746698,0.9355707638876656,1
1188,0.1938916377074436,0.38234450756771293,1
1189,0.17907841179180503,0.7012677086508402,1
1190,0.0649354016371523,0.45941335714276743,1
1191,0.3223503330031591,0.6427193084066574,1
1192,0.25604771418159283,0.5023311927796145,1
1193,0.1992938812927278,0.47073829187007377,1
1194,0.41928972844711926,0.8641635673024624,1
1195,-0.13212102827591493,0.4727143662294758,1
1196,-0.06633216985192517,0.5300885882436255,1
1197,0.21213402680038754,0.37161510868615727,1
1198,0.04028856423998395,0.46217733908002123,1
1199,0.26194402963850205,0.6782361689004563,1
1200,0.07196438539501254,0.701103735834487,1
1201,0.10278867182548872,0.6127545169968425,1
1202,0.5426195251636319,0.9364973916807195,1
1203,-0.056190930605729356,0.8356449196670162,1
1204,0.36179279462730174,0.4413125945616394,1
1205,0.3590493029784326,0.9797919636563707,1
1206,-0.03344260638675517,0.48991880590740733,1
1207,0.39036368589296333,0.7289056369681364,1
1208,0.29288430945083255,0.7438849904633911,1
1209,0.2564786921639963,0.4116066157714878,1
1210,0.383546462339688,0.9119262112755965,1
1211,0.12394131274317957,0.6703932275803016,1
1212,-0.1406722025945371,0.7829931642438387,1
1213,0.27568408701644226,0.6687307542876263,1
1214,0.3818602046386673,0.6153533647546159,1
1215,0.2656214541562998,0.4792088656187,1
1216,0.14369454677059051,0.6492168349171683,1
1217,0.18916541054710528,0.6111012472611587,1
1218,0.11350246722575133,0.851107970957274,1
1219,0.048131780187958634,0.36544794206259795,1
1220,0.4810837010510913,0.9638918912481794,1
1221,-0.13160850448212758,0.8263532045457697,1
1222,0.021921187172424583,0.7418924772366556,1
1223,0.17702823710161242,0.6430696565410342,1
1224,-0.042907117480860874,0.5525719504822557,1
1225,-0.07373425756808688,0.5250173967705074,1
1226,0.09172225437465889,0.5489042234943894,1
1227,0.23721796092910044,0.990152514089041,1
1228,-0.019557444794762027,0.7412038980947313,1
1229,0.19203207342518458,0.7883157959325094,1
1230,0.10292431707823047,0.843016774592079,1
1231,0.17981780260254024,0.4474853387334099,1
1232,0.25283068228929173,0.8729860848173543,1
1233,-0.07802941284303432,0.7035981203674195,1
1234,0.20691899895806432,0.6546029479710378,1
1235,0.2804714288761624,1.1696678741460282,1
1236,-0.09570136894147632,0.4210846057694657,1
1237,0.11787714721868534,0.8419786506490496,1
1238,0.006555489100599124,0.9886633628466366,1
1239,-0.21937914194456576,0.8369124790591798,1
1240,-0.07721880048125937,1.0424942911412494,1
1241,0.4380660447710407,0.5455497675196128,1
1242,-0.07474040445587732,0.8710334470201726,1
1243,-0.04664844713539751,0.6902408106882396,1
1244,0.031460811977436165,0.31556799960888104,1
1245,0.01921998213584227,0.5617090374431774,1
1246,-0.08103349766961813,0.9885053331920728,1
1247,-0.23810747105506558,0.8625166840161617,1
1248,-0.04699635814801492,0.6439926972435044,1
1249,0.1624725799862335,0.767996441513074,1
1250,0.11412259944390624,0.8936369321065722,1
1251,-0.0706598774125558,0.5775388356977458,1
1252,-0.2258263332299065,0.5348626249468802,1
1253,0.5766249772609593,0.9488115628139235,1
1254,-0.28780594005194043,0.4352873411495959,1
1255,0.07438568098900851,0.8091075517316055,1
1256,0.08339363919451868,0.6485114721376728,1
1257,-0.05586853482308554,0.7648989591065587,1
1258,-0.017992421467172698,0.2552557950747052,1
1259,-0.08552290025245592,0.5285997982242197,1
1260,-0.008911079888816967,1.295670510420472,1
1261,0.025154315094776766,0.635622817218378,1
1262,0.13163153652589746,0.7945488076242723,1
1263,0.026905469992658006,0.8190362682669551,1
1264,0.3498128753803881,0.47111583933503753,1
1265,0.028850596039330836,0.5116171492258483,1
1266,0.040849328872599164,0.5127284095896912,1
1267,-0.15810117071369878,0.6369925704303179,1
1268,0.11616387445750465,0.8792188061524886,1
1269,-0.33251148735568575,0.7060046453988392,1
1270,-0.22964923444484758,0.4427793087850675,1
1271,-0.1354984614494718,0.6322187840574907,1
1272,0.3888900937898579,0.779914963059795,1
1273,-0.376331047937424,0.5797484821876671,1
1274,0.0991187467013497,1.1097447758905248,1
1275,-0.4267007879757533,0.31539696138878737,1
1276,0.260347019437938,0.7686029964196883,1
1277,-0.291841957674187,0.7968770338287856,1
1278,-0.6496656890860688,0.6898701354898759,1
1279,-0.061279799970379176,0.8732656714042967,1
1280,-0.33394611066851476,0.7047385077907539,1
1281,-0.32056955284751965,0.7378401133451973,1
1282,-0.3188662508326898,0.6042783688369286,1
1283,-0.34326690509696284,0.8152338813925618,1
1284,0.023285246385894853,0.6371635725062527,1
1285,-0.14505266998557412,0.3934234504304143,1
1286,-0.21692486226592428,0.672127887542255,1
1287,0.3628860195323816,0.4587755525326558,1
1288,0.12728614983388023,0.8795139677334334,1
1289,-0.11369218065875793,1.0308127143821006,1
1290,-0.0996618264940258,0.7558400519236275,1
1291,-0.18896363858187665,0.9216148179174299,1
1292,0.03670479235924895,0.5506316896840492,1
1293,-0.4506808314440164,0.6340104473238753,1
1294,-0.35107406774165695,0.6607144551871891,1
1295,0.05219385270936733,0.5807452489565021,1
1296,-0.2080781599912982,0.6825697992738421,1
1297,-0.03403914033873334,0.22032056929426025,1
1298,-0.32926916605698386,0.7106619197785445,1
1299,0.027891102542430435,0.568705049560812,1
1300,-0.5916224372708381,0.7896818505998346,1
1301,-0.3475630415238392,0.4264339696751339,1
1302,-0.34952960480769146,0.626063741965151,1
1303,-0.3497705536661023,0.22043094120604945,1
1304,-0.05356044178866429,0.9150683833807496,1
1305,-0.10681214590380278,0.4310794041829944,1
1306,-0.28154835301166553,0.6558094373118202,1
1307,-0.1256151462214993,0.7892530184673507,1
1308,-0.3963230748549747,0.6704293710023405,1
1309,-0.1621366757701337,0.9436142431501009,1
1310,-0.11678587891432993,0.8086548775968797,1
1311,-0.24500611843058817,0.9313034363749637,1
1312,-0.18389280767336136,0.4753364627494065,1
1313,0.010765199430860684,0.7854515724168859,1
1314,-0.3625703710117381,0.5482636996762605,1
1315,-0.21868841441619413,0.7350651970323038,1
1316,-0.2425760518733226,0.7029305555232193,1
1317,0.053937122599831855,0.853192741629429,1
1318,-0.25193578844229403,0.8253362956329936,1
1319,-0.5005647905937723,0.7148245071681436,1
1320,0.06381576585107118,0.5897697576477389,1
1321,-0.4715460177004883,0.5010759938391297,1
1322,-0.5239076441241308,0.4726312944709189,1
1323,-0.384032381445237,0.3465353219139366,1
1324,-0.3107445844731019,0.806144431663214,1
1325,-0.49934458584706676,0.9275613516602113,1
1326,-0.21954748472952249,0.8278116312942927,1
1327,-0.45717266542464824,0.7905669633460418,1
1328,-0.5478795325947955,0.7956533586717691,1
1329,-0.2989988746088512,0.7261716611303461,1
1330,-0.5723464929961711,0.4344007075753835,1
1331,-0.22162944435705584,0.42161411752210376,1
1332,-0.25226788066397937,0.33570106697661883,1
1333,-0.17909473120430988,0.3604448278614412,1
1334,-0.24207625360912788,0.7298725787641849,1
1335,-0.49568335471117486,0.7189247323197059,1
1336,-0.30801922098034334,0.49250028809700885,1
1337,-0.5655830766497383,0.20546906385499075,1
1338,-0.2976922315129683,0.2827355829838731,1
1339,-0.35228898912645235,0.5406849120431083,1
1340,-0.23925020139765837,0.5306204479534378,1
1341,-0.44467443375823135,0.7350353484663774,1
1342,-0.31546443689716475,0.6495008194660549,1
1343,-0.2922985914781958,0.2767404788877987,1
1344,-0.23845519554433522,0.7039108882397893,1
1345,-0.5967949902117909,0.5301403072573528,1
1346,-0.4049497219142559,0.5495734614595525,1
1347,-0.33393049460250673,0.8602398328940533,1
1348,-0.18794754686102172,0.3089936368157474,1
1349,-0.2834693377067934,0.8346725790102477,1
1350,-0.33408797246689054,0.7845079810996565,1
1351,-0.012545684972588345,0.7684574292191817,1
1352,-0.36867176901191745,0.7701145842265642,1
1353,-0.3930731125629391,0.5632367163339908,1
1354,-0.49583405552897036,0.8684759508199063,1
1355,-0.592720670745484,0.8595820535986065,1
1356,-0.33252890441515986,0.2705406675352448,1
1357,-0.3624215877433943,0.1276682658732869,1
1358,-0.31428234953728307,0.7219699076947146,1
1359,-0.5612703044695978,0.5668616813302302,1
1360,-0.05536530607402551,0.43820992909066503,1
1361,-0.6613583746349292,0.8328777852590645,1
1362,-0.060421734992452125,0.534448892077583,1
1363,-0.253991000628944,0.7991485238082814,1
1364,-0.6081068755347464,0.4309147994416989,1
1365,-0.2167434030956094,0.8620806044830234,1
1366,-0.3536321351691051,0.3461959310965167,1
1367,-0.0720676812358157,0.41302506135472455,1
1368,-0.5397605219190075,0.5847267490486461,1
1369,-0.1651352809627386,0.6840739376662367,1
1370,-0.39620987407770003,0.6029357452186092,1
1371,-0.47367673214245076,0.6188850940346339,1
1372,-0.9914693296078243,0.44489482560757504,1
1373,-0.44045140631207474,0.27095272139138027,1
1374,-0.41459031529688234,0.4571807298492755,1
1375,-0.14387960716748516,0.8095786918735546,1
1376,-0.5912360878701323,0.4616874365458553,1
1377,-0.5159450512369603,0.39838389806350627,1
1378,-0.4652113206159095,0.33390090029144537,1
1379,-0.733380258118438,0.6069219106511976,1
1380,-0.384372122350626,0.3183198222180834,1
1381,-0.33420765620327214,0.349651819272627,1
1382,-0.4656261345431254,0.6368017682072085,1
1383,-0.5259417538578599,0.560428086003931,1
1384,-0.6254447305744417,0.42691499051835674,1
1385,-0.5662496349173897,0.31360263641850844,1
1386,-0.5633307991384291,0.14988636925432008,1
1387,-0.6290840901305262,0.39930850903668086,1
1388,-0.5849457082070896,0.40463968392445515,1
1389,-0.5488979447385707,0.5454651608408216,1
1390,-0.364455855116548,0.3162437474544292,1
1391,-0.7827923132169424,0.23439023089056654,1
1392,-0.6423641953359018,0.36899968934018856,1
1393,-0.7016727806431031,0.17672811349169987,1
1394,-0.6416260679904708,0.46878705318602826,1
1395,-0.43410261549587026,0.3175503269354192,1
1396,-0.6383928434821715,0.24021154661676153,1
1397,-0.564743941751955,0.25236495234415424,1
1398,-0.44647132676137363,0.06136018975344082,1
1399,-0.6356414544882777,0.47522124195108995,1
1400,-0.5295449927979623,0.9500564094008306,1
1401,-0.49892591018958427,0.20707241639960122,1
1402,-0.5905303249198434,0.04905162570229693,1
1403,-0.5900864263871688,0.2340912765160618,1
1404,-0.3933947632278668,0.28718020946962247,1
1405,-0.6023095851512427,0.26634679621561064,1
1406,-0.23364685906640265,0.3255643783181491,1
1407,-0.2173434948333795,0.5489824618635543,1
1408,-0.48985628256242186,0.4562226721774924,1
1409,-0.5099017479654679,-0.006749639380308925,1
1410,-0.6468062266815617,0.544110350722162,1
1411,-0.6031539919543792,0.0903198596539988,1
1412,-0.6061770273717783,0.7084433442240052,1
1413,-0.3486158590825627,0.35147133796129015,1
1414,-0.40997880392393926,0.286806269573444,1
1415,-0.9432937362681044,0.17143579339934883,1
1416,-0.2921686383333451,0.29773762477917176,1
1417,-0.6556262866901466,0.2887619344826675,1
1418,-0.2283013103540666,0.6701009221562169,1
1419,-0.16752767167731725,0.30926604592772233,1
1420,-0.5542897782812855,0.033899061987042345,1
1421,-0.32013453190973445,0.09981083231397025,1
1422,-0.5742487457519415,0.11003224698916386,1
1423,-0.7374352832804579,0.15815326844428063,1
1424,-0.7432705663046447,0.2138813618052458,1
1425,-0.7333583259168728,0.4844601321737442,1
1426,-0.8466615555183887,0.357976536665796,1
1427,-0.38405689528855347,0.20729148882455184,1
1428,-0.7731674542459801,0.25987611161960283,1
1429,-0.39554872988559997,0.3408407581673427,1
1430,-0.7396217956477334,0.39482083433315873,1
1431,-0.8556975271460666,0.43033191197685383,1
1432,-0.5553527179391434,0.2285012124675219,1
1433,-0.8066012708718981,0.10871816785875293,1
1434,-0.5337053535654602,0.5278306054973763,1
1435,-0.7698897873845457,0.3696808641546433,1
1436,-1.0615676968765229,0.15703802065460176,1
1437,-0.6520827044832608,0.08797211119781076,1
1438,-0.8348553197420399,0.13228945557148342,1
1439,-0.5907730616689884,0.22430564033518524,1
1440,-1.0984897867867705,-0.16645284364773888,1
1441,-0.7738228142921827,0.34513007390389244,1
1442,-1.2035312282646753,0.1495422798689494,1
1443,-0.7608344920272188,0.5230415797755709,1
1444,-0.7341180627002846,0.31784784317034764,1
1445,-0.630365110250465,-0.18899675178973624,1
1446,-0.5064519317986577,0.27605298225734815,1
1447,-0.5598904246909455,1.014069162045725,1
1448,-1.0797914013960388,0.5695998568172682,1
1449,-0.7218568053732773,0.27795634463931507,1
1450,-0.6748420104668559,0.13146462938285453,1
1451,-0.7810521247098048,0.27802643585754366,1
1452,-0.9718399206569859,0.3580449406082775,1
1453,-0.7529373170682321,-0.02228855102828134,1
1454,-0.7609678239113258,0.45094332710149776,1
1455,-0.7792725973771047,0.2669844978693844,1
1456,-0.8196106252533548,0.34265072484685144,1
1457,-0.5375050270449659,0.556553159183545,1
1458,-0.7108799362831347,0.31632001535450927,1
1459,-0.6572875335259155,0.4375138643509705,1
1460,-0.8217746903117878,0.3230839835908546,1
1461,-0.7180280767664103,0.15698182613508563,1
1462,-0.6617917161505972,0.2159973772019427,1
1463,-0.7044147663118803,0.2042152353077186,1
1464,-0.3665451994381671,0.3540794697876104,1
1465,-0.5093108148577439,0.061592363772805456,1
1466,-0.8619358521434003,0.3394650885929889,1
1467,-0.5097972745218715,0.43863796128911337,1
1468,-0.8066946618628186,0.0938872552880155,1
1469,-1.0146601947154208,0.05699040642342759,1
1470,-0.48828697339419264,0.0378678443643676,1
1471,-0.560315684456566,0.0887434133394338,1
1472,-0.6243836285261317,-0.10702213668044037,1
1473,-0.6729093266775183,-0.4800437828812312,1
1474,-0.7280593925779046,-0.21224863310660974,1
1475,-0.45018293510723306,0.2649855960810639,1
1476,-0.5987220249233236,0.409359157816406,1
1477,-0.882486587186823,0.45028018736968817,1
1478,-0.5068846851355788,0.049142146035457406,1
1479,-0.4667913123120657,-0.12916365111772918,1
1480,-0.8593831232256692,-0.03398468115292723,1
1481,-0.8008133648116725,-0.1279435164856419,1
1482,-0.45091130394494083,0.027228589337470667,1
1483,-0.6255095596065232,-0.03944246529005409,1
1484,-1.0605863719966135,0.1242646720741349,1
1485,-1.0793443703061114,0.05214901010586631,1
1486,-0.9709565341667827,0.4589510374316818,1
1487,-0.5153936051888766,0.07826418635200631,1
1488,-0.44526989465149597,-0.11653443162359435,1
1489,-0.589632878718839,0.08830410474382663,1
1490,-0.645814693633056,0.2984240636918728,1
1491,-0.552382664520322,0.09730770670242161,1
1492,-1.0300933568698714,-0.156838236330054,1
1493,-0.7238648409938321,0.049452157677835715,1
1494,-0.9255433757831971,0.5087184629846384,1
1495,-0.39637578120529754,0.14241119543318645,1
1496,-0.685371560241561,-0.02485072716989418,1
1497,-0.8902593386710134,0.02869001150455812,1
1498,-0.6483942229141212,-0.2395558871779782,1
1499,-0.6331508991503164,-0.026653608989058674,1
1500,-1.0815615115754782,-0.1720770021559003,1
1501,-0.7827072892836248,0.3731393306921469,1
1502,-0.5886341060359197,-0.2758925417383251,1
1503,-0.6026683887830389,-0.3226547055884589,1
1504,-0.48324072172089527,-0.11181599717391202,1
1505,-0.7183818300038463,0.24317179815374812,1
1506,-0.9569353445652624,-0.30580676489155256,1
1507,-0.8160429195438882,0.17689808738135773,1
1508,-1.0029850847195807,-0.6016021423479524,1
1509,-0.7891128567580822,0.07078518584476698,1
1510,-0.45856635995202416,-0.13658563608759913,1
1511,-0.780614075876058,0.1824381288510654,1
1512,-1.0719595701215139,-0.1304329189061548,1
1513,-0.6595813716388094,0.03273031615929649,1
1514,-0.7992548650383973,-0.05460763524435207,1
1515,-1.194558845904754,-0.19752550178972983,1
1516,-0.6057639693760166,-0.26671200724678656,1
1517,-0.6842137089599797,0.014746692167857747,1
1518,-0.7640377575355589,-0.04490671521212296,1
1519,-0.887564336255792,-0.12469026800561814,1
1520,-0.57243705700229,-0.05633867130132615,1
1521,-0.8112215956614417,-0.047251770506439215,1
1522,-0.5504010398603323,-0.5064414591947424,1
1523,-0.460888470030676,-0.16805849552279106,1
1524,-0.6069582346684937,0.1342914723445155,1
1525,-0.9657165778626896,-0.25139232601367084,1
1526,-0.7483899001206485,-0.2705967198613041,1
1527,-0.3429639014369369,-0.28953783006427225,1
1528,-0.8003043900678171,-0.0816383349620979,1
1529,-0.9288415487119485,-0.20598017689024897,1
1530,-0.624110423260047,-0.1977390010865096,1
1531,-0.7054407339903235,-0.2413510501252765,1
1532,-0.9887925985051261,-0.07547834409223735,1
1533,-0.33402001869838216,-0.1404234999822292,1
1534,-0.6390348630482255,-0.009860425922066263,1
1535,-0.937007832666463,0.18780266264834142,1
1536,-0.6417030516660436,0.169381847153255,1
1537,-0.8277755567922864,0.2023397858379515,1
1538,-0.525111114233315,-0.054941280746135635,1
1539,-0.6322837266724445,-0.21952518517167519,1
1540,-0.43790188109526723,-0.1460109470457891,1
1541,-1.0703149821511349,-0.4017768003197682,1
1542,-0.7129362976218412,-0.12058925776981676,1
1543,-0.6859242725829859,0.05696276543446982,1
1544,-1.0636397429179851,-0.1623487675610956,1
1545,-1.035801425051291,-0.04335131513062679,1
1546,-0.6898569952005636,-0.1155914893241597,1
1547,-0.8424750282091346,0.05216766955175983,1
1548,-0.4600602485108798,-0.091220246501547,1
1549,-0.6929889884347412,-0.0961532316839155,1
1550,-0.8071180750040773,-0.045200764258320675,1
1551,-0.334471122628422,-0.006368451762876037,1
1552,-0.8088893074578029,-0.15237706341042603,1
1553,-0.9201724613775928,-0.11434355852332459,1
1554,-0.5699726925524973,-0.6069369490725236,1
1555,-0.8909733070504305,-0.29374432352045743,1
1556,-0.717285649785877,-0.4831454333059231,1
1557,-0.5777891748532977,-0.19507930234577903,1
1558,-0.6928840861153321,-0.40064661513094824,1
1559,-0.44270835343743487,0.07748866592447717,1
1560,-0.7475558368910835,-0.3801205703102387,1
1561,-0.5509700742518636,-0.33337731996585757,1
1562,-0.6754334849167675,-0.1179147365203265,1
1563,-1.027742135410539,-0.0062483296236438,1
1564,-0.6296261882902409,-0.35626019569847783,1
1565,-0.6602750688230765,-0.2855176524402428,1
1566,-0.9869090815236272,0.016953140491083207,1
1567,-0.6306189847283282,-0.1974539262259692,1
1568,-0.4467642253646884,-0.4942953982073589,1
1569,-0.5405447173717361,-0.3475882280680231,1
1570,-0.46402478168291483,-0.72349098816585,1
1571,-0.6513126316059958,-0.4225833631334637,1
1572,-0.5431310859696286,-0.2119721991820127,1
1573,-0.7691739047140702,-0.4523655345624399,1
1574,-0.6478220706173504,-0.49319669672606437,1
1575,-0.4553078278414321,-0.3916347899071719,1
1576,-1.2030931580338096,-0.39667031375940265,1
1577,-0.8273706821015131,-0.6518609177464099,1
1578,-0.8650891861489818,-0.3076110581491388,1
1579,-0.34979325148374313,-0.2707298477945614,1
1580,-0.7347153536738524,-0.2460467328370602,1
1581,-0.7031017804107423,-0.4799951618403616,1
1582,-0.8400011619152647,-0.6952749004341481,1
1583,-0.684934232127032,-0.31711887575361736,1
1584,-0.6240711260379627,-0.4357296267345042,1
1585,-0.7916686310421167,-0.23467975268826613,1
1586,-0.8636950433248736,-0.2049020908783594,1
1587,-0.7984376059748516,-0.5143591873051037,1
1588,-0.8890531753794196,-0.4679026703500344,1
1589,-0.3983120635639624,-0.26823221132592256,1
1590,-0.39534512544580347,-0.2706502472985105,1
1591,-0.809395173314792,-0.4449427213543247,1
1592,-0.7423094538529917,-0.11636106190618023,1
1593,-0.8232126328144822,-0.2074125715620789,1
1594,-0.402826355415315,-0.02388889119851406,1
1595,-0.6608937205180927,-0.250993932580459,1
1596,-0.1201424510321305,-0.5206165997754688,1
1597,-0.8809745260342885,-0.7767044946977664,1
1598,-0.4288950697297623,-0.7809309340073042,1
1599,-0.6433497256907502,-0.3204206983602112,1
1600,-0.5292767886964802,-0.32636070376789683,1
1601,-0.5192575488376145,-0.15922661145006273,1
1602,-0.7515601655573729,-0.5539325158319695,1
1603,-0.7129879967311644,-0.2560123168097952,1
1604,-0.37571356137447187,-0.3353061445225222,1
1605,-0.31640977528499764,-0.6646431110323597,1
1606,-0.21695708018540572,-0.1278540048207824,1
1607,-0.40054916795446216,-0.07959166458746686,1
1608,-0.8762482526324711,-0.5442735801560208,1
1609,-0.6892128342755042,-0.2985032485877183,1
1610,-0.7493874178634815,-0.29469776295658556,1
1611,-0.26243787596720214,-0.3105362772068092,1
1612,-0.4769595529757132,-0.6505138412787608,1
1613,-0.7002235339271782,-0.20635982665128177,1
1614,-0.3721061657342061,-0.4674139329025784,1
1615,-0.6086596578944996,-0.8680798803488319,1
1616,-0.7363292855338152,-0.08392448977603151,1
1617,-0.7753103551176108,-0.43158393933148775,1
1618,-0.31477038751168207,-0.7237174992851756,1
1619,-0.4763366473995753,-0.2883842576035624,1
1620,-0.5077781748135379,0.09449763698327157,1
1621,-0.8409770429065717,-0.2706339598943681,1
1622,-0.5387766649008277,-0.3311732831016285,1
1623,-0.4128941077754325,-0.6353470327174303,1
1624,-0.4522756955546315,-0.863435269138852,1
1625,-0.37432524671630435,-0.4353430536324782,1
1626,-0.36412294513057397,-0.28645130902906957,1
1627,-0.4151918252534887,-0.47153765415562654,1
1628,-0.6617709814012218,-0.646660470151345,1
1629,-0.2450327418356777,-0.219990109989737,1
1630,-0.5268050614124928,-0.5010774897443332,1
1631,-0.6568902401044466,-0.2787273733023031,1
1632,-0.3396496009463612,-0.12801569485797193,1
1633,-0.6451445190116516,-0.594820820720761,1
1634,-0.41991912269886167,-0.3928608942517733,1
1635,-0.5060518332360828,-0.6996699668320617,1
1636,-0.2833285232423552,-0.3837488940061562,1
1637,-0.6395384278233598,-0.2597647804810064,1
1638,-0.21889943125929018,-0.5068504582584549,1
1639,-0.433657284748402,-0.42573355054336326,1
1640,-0.6185374068753343,-0.5333529741102361,1
1641,-0.8732758222610233,-0.3668610130385265,1
1642,-0.751682597391862,-0.24423964541111665,1
1643,-0.5019754651349688,-0.590006963789847,1
1644,-0.5580485103801349,-0.6080096772800486,1
1645,-0.14532866852747617,-1.0506702399699992,1
1646,-0.1701581311685859,-0.4881885828331432,1
1647,-0.6634550087537603,-0.7735185862868473,1
1648,-0.08325488269862269,-0.7501982653981597,1
1649,-0.6456698762319332,-0.3362526115248396,1
1650,-0.34373910134754837,-0.753897011369743,1
1651,-0.3645583406870792,-0.7740364518312214,1
1652,-0.18413661271106627,-0.35916328252740204,1
1653,-0.29430124815182473,-0.5016342642784134,1
1654,-0.04485063941525469,-0.5765355528622541,1
1655,-0.6298331895806519,-0.48906161942573173,1
1656,0.027396478365691312,-0.7843690280742394,1
1657,-0.4584446627786984,-0.5005656959089291,1
1658,-0.39325701251513606,-0.7827303441049621,1
1659,-0.1544133052427189,-0.12465306320526642,1
1660,-0.33585246468051594,-0.7718432057986108,1
1661,-0.6811499340254088,-0.541779359015322,1
1662,-0.14684677230965515,-0.5006625879572081,1
1663,-0.3643529080182673,-0.7158485325473678,1
1664,-0.5785404001906727,-0.4333183940705799,1
1665,-0.1735746667481426,-0.9116653762409073,1
1666,-0.03456844550889587,-0.48993214785618433,1
1667,-0.06881064470848464,-0.8753750405121662,1
1668,-0.618073970166892,-0.6389224902221272,1
1669,-0.2405182026286935,-0.25201155378155143,1
1670,-0.19601178910817435,-0.6619509313931111,1
1671,-0.5386405841007355,-0.36952130258955945,1
1672,-0.5224338376658757,-0.29191014755000294,1
1673,-0.38248268457552287,-0.30154550340914843,1
1674,-0.18591964442318565,-0.6490946120579728,1
1675,-0.42167262418290813,-0.6918861424010734,1
1676,-0.22820491278797486,-0.6102576976623413,1
1677,-0.42869304334097214,-0.6607750078131915,1
1678,-0.29026563071182276,-1.0553304949794222,1
1679,-0.2103856090189315,-0.8274380165011034,1
1680,-0.5287119847367001,-0.9708478061483556,1
1681,-0.6528385094618423,-0.9063285978012398,1
1682,-0.4318670982213971,-0.24642235197418316,1
1683,-0.3912302874944849,-0.6033340899288456,1
1684,-0.20193822769829822,-0.6144557835914726,1
1685,-0.2934922155895449,-0.8814869906986358,1
1686,0.016223942869800723,-0.2827229644285321,1
1687,-0.6064405334187144,-0.8506766360863564,1
1688,-0.3218074353406619,-0.8404616037661589,1
1689,-0.16057833332528748,-0.7948660478155853,1
1690,0.17532402668204605,-0.4127338212530568,1
1691,-0.21107795056673911,-0.447052526056801,1
1692,-0.02830823022781348,-0.7668197573312772,1
1693,-0.40861747304227436,-0.6399563081298051,1
1694,-0.06892282132257282,-0.6293016206270283,1
1695,-0.5525158406099034,-0.8191814270581262,1
1696,-0.2477682538849659,-0.6752264959901713,1
1697,0.16568681459950202,-0.9387417411056631,1
1698,-0.12354267849787189,-0.36514619183066305,1
1699,0.23379938532584602,-0.7452467861299985,1
1700,-0.11802600551842332,-0.551787489966878,1
1701,-0.17302834243228338,-0.6868545793099144,1
1702,-0.1207340292039153,-1.1748543983665871,1
1703,-0.06731141876726374,-0.644462855358788,1
1704,-0.24400846308463633,-0.2615928131682515,1
1705,-0.33028057798557053,-0.7528207777868664,1
1706,0.20724430557881926,-0.8398316310802314,1
1707,-0.29685444911157083,-0.7040116594891767,1
1708,-0.014442157977017811,-0.6342066457126291,1
1709,-0.4368645774088202,-0.7833347540591423,1
1710,-0.2955538076578404,-0.6934524218346508,1
1711,-0.08465072983081938,-0.5954474663654796,1
1712,-0.5207516487262873,-0.4673540155281005,1
1713,-0.11075882947428864,-0.4042625481687074,1
1714,-0.06814986720643268,-0.46190421940345155,1
1715,-0.059391206687554265,-0.4138965821165735,1
1716,-0.04395484974188267,-0.7036707357863161,1
1717,0.3103831179504597,-0.5071992085718521,1
1718,-0.025048102159202335,-0.94115941997664,1
1719,-0.3931461511283094,-0.6282202657819632,1
1720,-0.10206268065635907,-0.8104255885117453,1
1721,-0.09864749461658379,-0.37068625788801157,1
1722,0.016564353627366593,-0.9173967361209915,1
1723,-0.14048517672750263,-0.8509445127748106,1
1724,-0.1913859989181306,-0.7734032940714362,1
1725,-0.20503324204896275,-0.9424089128112753,1
1726,-0.13068884868816774,-0.8041777486860018,1
1727,-0.6866972857870302,-0.28210887812152297,1
1728,0.12130072736408808,-0.7685831429726551,1
1729,-0.08833124141647804,-0.9282462112121669,1
1730,0.2514113120671605,-0.3150225519655122,1
1731,-0.05202926641710378,-0.49031169436180055,1
1732,-0.04394211362465257,-0.962873005139192,1
1733,-0.15699248178541322,-0.6696249599235078,1
1734,-0.16116274414453935,-0.7401963673739173,1
1735,-0.08415573082478267,-0.7130690747952483,1
1736,-0.0510441394860236,-0.9094145396795409,1
1737,-0.20051665792329723,-0.9545830027638147,1
1738,0.14283434606768722,-1.1191406185504946,1
1739,0.18237605066330081,-0.4210588750002889,1
1740,-0.10438948106704352,-1.2192461274652497,1
1741,-0.11182508653087542,-0.7117179173340463,1
1742,-0.2372906667116212,-0.8021595483858608,1
1743,0.2752613569501648,-0.566337621814339,1
1744,-0.2112959507445739,-1.0190224647674988,1
1745,-0.08739099487664403,-0.7423459481260998,1
1746,0.08164877066232737,-0.8068422750118418,1
1747,0.08910600727158664,-0.31284483865452034,1
1748,0.1543039765705055,-0.7095624324088258,1
1749,-0.04102829498655006,-0.7713208094352701,1
1750,0.2361281824904288,-0.8254626891902606,1
1751,0.013442742575887998,-0.6897466022230788,1
1752,-0.09156061064395962,-0.9744378405194914,1
1753,0.07778880852431964,-0.7120764410376429,1
1754,0.11763916069765024,-0.8064989937861433,1
1755,0.26615179111729975,-0.875009348498381,1
1756,0.3687911846725328,-1.0490299328140646,1
1757,0.11773169573388348,-0.6042369177693625,1
1758,-0.12394039086233763,-0.6142370820520098,1
1759,0.2954667080894488,-1.1422448529470954,1
1760,0.14450232516868253,-1.1972728739658056,1
1761,-0.14479094270455758,-0.37249548147266853,1
1762,-0.06362764280885758,-0.9327872230642242,1
1763,0.017525882300773947,-0.2840848819911105,1
1764,-0.30484061185568523,-0.9075555087280895,1
1765,0.36536215595888544,-0.32535290651460946,1
1766,0.049566955537793486,-0.9442762523922386,1
1767,0.49379650835451394,-0.3771220749280598,1
1768,0.2147888669638837,-0.8580083871514899,1
1769,0.07356214389880172,-0.7270898394078357,1
1770,0.1539035244181285,-0.4042800032938673,1
1771,0.2679784595920787,-0.9093905571456062,1
1772,0.3717524934831543,-0.6306965699850248,1
1773,0.23822070695835956,-0.3993951111661351,1
1774,-0.11715813751818017,-0.6992213370578324,1
1775,0.003213215256318458,-1.0049537234896877,1
1776,0.1831880111574027,-0.18836885062862285,1
1777,-0.24983213760223694,-0.6964073388141927,1
1778,0.2506247282976482,-0.6645793938392075,1
1779,0.10421842403584809,-0.9482549161858956,1
1780,0.17772426879804032,-0.8389538709132672,1
1781,-0.30249971336010845,-0.4478449181075877,1
1782,0.33147415032849326,-0.6755663412987568,1
1783,0.18991876378005756,-0.47014303048471806,1
1784,0.19327290830105465,-0.5032841755454726,1
1785,0.09320382880280999,-0.4207449856423338,1
1786,0.22114667785110356,-0.6433584222294292,1
1787,-0.09273961906879269,-0.6237777868271467,1
1788,-0.0008416855822829528,-0.8077987583459706,1
1789,0.006744335893560716,-0.8923356039229191,1
1790,0.5990372016187908,-0.4117404003923611,1
1791,0.5624130084072196,-0.9214800453448173,1
1792,0.19683980438510656,-0.9344686722241107,1
1793,0.04769241708485,-0.8582319714863218,1
1794,0.43898315615044026,-0.752665305730612,1
1795,0.40896964096626376,-0.5513814020561565,1
1796,0.6602412341499414,-0.9668540969401078,1
1797,0.4555719647371501,-0.4404102620110357,1
1798,0.013253339498517286,-0.4669785140280182,1
1799,0.27935368134818767,-0.7125807910527346,1
1800,0.051524798668063115,-0.8095614516964447,1
1801,0.6304529829158988,-0.6642307377017096,1
1802,0.3810865271713384,-0.8211486898298316,1
1803,0.07285103151413219,-0.44514719077587483,1
1804,-0.03694156114421579,-0.7431361287060594,1
1805,0.2439220263861507,-0.6363420178999473,1
1806,0.20543138921893075,-0.5779497441385272,1
1807,0.38394517529744343,-0.5086574116318686,1
1808,0.052327553365710294,-0.7108612793053878,1
1809,0.4925453290685694,-0.47352034120597325,1
1810,-0.01688470341693804,-0.5805475600513355,1
1811,-0.13387360585850183,-0.639824626922189,1
1812,0.6453987702144565,-0.8371325882379177,1
1813,0.10304418549586117,-0.4930649615945084,1
1814,-0.034598736255887164,-0.7707132991331169,1
1815,0.397291750960697,-0.7692854075166673,1
1816,0.2348405075573694,-0.49183167877163536,1
1817,0.3703635690227567,-0.5855204319233716,1
1818,0.22223845084129107,-0.5630619564257059,1
1819,0.2693134738683133,-0.5436779751936247,1
1820,0.19865909907195517,-0.6698927316021219,1
1821,0.10402767346626879,-0.6384952935589889,1
1822,0.1437808639298841,-0.8523929661288583,1
1823,0.36166299129830853,-0.585100770578133,1
1824,0.47044299825273717,-0.7119141108209044,1
1825,0.3994039191850338,-0.5135450524771248,1
1826,0.4106606640013606,-0.7868262507299094,1
1827,0.35547845110845855,-0.5468338587217864,1
1828,0.3309284458973214,-1.034899390178684,1
1829,0.3654646673622534,-0.17301520925394093,1
1830,0.26521971811980444,-0.7590300956017686,1
1831,0.41574479995001234,-0.5488080762736297,1
1832,0.5834561721670868,-0.8607022594504455,1
1833,0.49500562425264216,-0.48886507856485023,1
1834,0.32410693375692323,-0.5370089284506467,1
1835,0.5622204873449315,-0.4280563428970703,1
1836,0.13150381123230875,-0.4362370219844597,1
1837,0.3509344188279932,-0.5834193825864034,1
1838,0.38226163917324585,-0.6257447350159362,1
1839,0.6096993284361272,-0.6101181472294004,1
1840,0.15116953080866397,-0.6697355190453562,1
1841,0.414523819850908,-0.34281825074930833,1
1842,0.5030949797037552,-0.7563766837789078,1
1843,0.8831900927756794,-0.5308998413336239,1
1844,0.6448910791415348,-0.6117600161525145,1
1845,0.5001302134375814,-0.4110627010885123,1
1846,0.6407272067395811,-0.3649991572642539,1
1847,0.5751418879308092,-0.6369838227666382,1
1848,0.2899516840043748,-0.5049159734371893,1
1849,0.5945089502362172,-0.613430055258487,1
1850,0.6244840697476084,-0.27578854696522737,1
1851,0.23173559029805763,-0.7310996607570412,1
1852,0.39045847635919584,-0.4995743557717743,1
1853,0.31713727642890727,-0.2880155719035706,1
1854,0.510364580689914,-0.5479038694053368,1
1855,0.1418530327833783,-0.8162716719484844,1
1856,0.48870357921959534,-0.9769210277266004,1
1857,0.6384789282704929,-0.5793043362780759,1
1858,1.0880025468224372,-0.08334036097369418,1
1859,0.4065092994896836,-0.5634195426453766,1
1860,0.6453130956244889,-0.19872474795944473,1
1861,0.1219710457364056,-0.8938201978374822,1
1862,0.32853221198773497,-0.41716224107324035,1
1863,0.5556583258121346,-0.31689904970533517,1
1864,0.2196705233540081,-0.9912047391090477,1
1865,0.6345211447869854,-0.6907170033343686,1
1866,0.06251073432624837,-0.4931460526050513,1
1867,0.6281150412194396,-0.5436306673413728,1
1868,0.3811632884482192,-0.548131628579903,1
1869,0.401850812625537,-0.7828881647438252,1
1870,0.3362468387519956,-0.40602205819222514,1
1871,0.5467153741464441,-0.4736452299375683,1
1872,0.2865276176982876,-0.5405169498486682,1
1873,0.05330278400685967,-0.4654602053382041,1
1874,0.7776265204219079,-0.7929014004549209,1
1875,0.37778921216703204,-0.42915339108855743,1
1876,0.7486435009319966,-0.5814999021192242,1
1877,0.3627054722621025,-0.8825004217786475,1
1878,0.5249039432831563,-0.07714210604021438,1
1879,0.5627288835238679,-0.48683546170788655,1
1880,0.5746945013483854,-0.4814013749398022,1
1881,0.350675867903766,-0.3113113819701523,1
1882,0.5614114867730724,-0.4692103152979858,1
1883,0.3241460354614675,-0.20877831718875206,1
1884,0.6550993508635494,-0.5767924746774367,1
1885,0.7254427194777092,-0.5624324734035975,1
1886,0.3715752680130652,-0.6115506525231269,1
1887,0.1766396300844872,-0.3619751316269737,1
1888,0.1674807820403434,-0.6986279393517635,1
1889,0.12142750295083837,-0.46679079578178734,1
1890,0.5092951778886781,-0.5115360354613555,1
1891,0.3336366032049983,-0.6772458640265152,1
1892,0.6377975838062313,-0.5494943392451876,1
1893,0.6109452317108405,-0.6130011835665234,1
1894,0.5866144510498499,-0.17184612170002111,1
1895,0.6703416687415399,-0.5115177012003795,1
1896,0.6072330731246703,-0.4736842432922661,1
1897,0.5600321446159452,-0.487172889612018,1
1898,0.5282298482325355,-0.3761148175254278,1
1899,0.3650437800813953,-0.618175539510737,1
1900,0.2886033852962209,-0.7315038975054733,1
1901,0.3254293766590699,-0.3759908344071772,1
1902,0.3928799724036519,-0.30157799954936815,1
1903,0.5809092262783291,-0.7944033306038241,1
1904,0.7074679351842371,-0.23492853527038754,1
1905,0.3801838670252228,-0.3094200559174928,1
1906,0.410117481955229,-0.37027885619206446,1
1907,0.33095522213822653,-0.7447733999468167,1
1908,0.5097061901069055,-0.40722183196895545,1
1909,0.5091252688857975,-0.6155909881333251,1
1910,0.5110497354251833,-0.3212198059691506,1
1911,0.5843959492350508,-0.3348576228948712,1
1912,0.46167309716543786,-0.1332786580296748,1
1913,0.3627595348785505,-0.26636008041715287,1
1914,0.8366468779275491,-0.26392605509727507,1
1915,0.5620145734897946,-0.46198840035785566,1
1916,0.8119639222442359,-0.6371312261973673,1
1917,0.4129246387392143,-0.4282411268359877,1
1918,0.8566593797710675,-0.26895561187562494,1
1919,0.4176745666648951,-0.40313662908471315,1
1920,0.4905500472114456,-0.47918537031790776,1
1921,0.8112993288447453,-0.6077153684202583,1
1922,0.939360029651342,-0.16384681447880817,1
1923,0.8378342520534583,-0.41819365705927214,1
1924,0.5917073703536594,-0.6083362653399838,1
1925,0.5187720855184967,-0.21906238028905267,1
1926,0.8849016092621639,-0.5352996146235127,1
1927,0.5545475383526118,-0.3401906057737356,1
1928,0.35042583565796276,-0.18771118830397265,1
1929,0.4866957052092202,-0.341097302212076,1
1930,0.5429890623438381,-0.4559132052394854,1
1931,0.6338301000826709,-0.33718192560186877,1
1932,0.5627026030237637,-0.4357552310313676,1
1933,0.702789045339043,0.04466910138301283,1
1934,0.6686462674024678,-0.0828108620173382,1
1935,0.3643838529480942,-0.2464512355855923,1
1936,0.4246886293618959,-0.569346552292422,1
1937,0.4979966364172732,-0.03152892771146268,1
1938,0.8375572105180498,-0.21724442245438083,1
1939,0.3426714953562768,-0.3010275742940473,1
1940,0.7111835419021232,-0.2225799409635549,1
1941,0.2836910620245983,-0.43165632629715645,1
1942,0.6412147068898851,-0.14223013319583733,1
1943,0.21635935650374521,-0.2777988192298531,1
1944,0.6857234543335023,-0.07132764851891907,1
1945,0.7971880551154451,-0.12060228040994292,1
1946,0.5001052737846183,-0.6145741085907519,1
1947,0.5829336012135831,-0.02849525571674763,1
1948,0.9416597190012074,-0.0825507064054892,1
1949,0.7502354660535531,-0.14456263408152015,1
1950,0.5545158120544513,-0.24232395477318733,1
1951,1.0008994442273194,-0.4006362899013169,1
1952,0.9913609394646203,-0.2723347380023362,1
1953,0.9347848579101969,-0.4850883186792977,1
1954,0.7881460925450929,-0.3468675109185077,1
1955,0.3891521415890227,-0.151586965745271,1
1956,0.8753137278294538,-0.36005464258082687,1
1957,0.3748033827113264,-0.20520034539125412,1
1958,0.6582800814278554,-0.07292512889202797,1
1959,0.8668199557066021,-0.19022254423286647,1
1960,1.0491088757488944,-0.12923597210833976,1
1961,0.6098033163416942,-0.49213293337735087,1
1962,0.6276103089770382,-0.23282668699883424,1
1963,0.8732299169437826,-0.06877587386024256,1
1964,0.4462949866240805,-0.12253865538235897,1
1965,0.8174479677029338,0.15290600289998688,1
1966,0.8615884799805472,0.003764353916857144,1
1967,0.6970238319508633,-0.06644142505422683,1
1968,0.9357995168102045,-0.406352465856015,1
1969,0.6168754967669426,-0.2899983773868501,1
1970,0.763431699255307,0.11487751492015025,1
1971,0.5690167861525159,-0.6049049080328834,1
1972,0.6067508851655498,0.060178605120788126,1
1973,0.7974771971942747,-0.0325461617367981,1
1974,0.6346815005706117,-0.36965216288037567,1
1975,0.7944407027414898,-0.27636048753508674,1
1976,1.128875567992631,0.008943529286373444,1
1977,0.5765736225110654,-0.22308459726430224,1
1978,0.6747341566649382,-0.14435358788359634,1
1979,0.9172820968546453,-0.0548118174157885,1
1980,0.5481539431384289,0.2903548735361439,1
1981,0.704879489502914,0.07039992312737062,1
1982,0.5738826158750541,-0.006376343862532094,1
1983,0.7582325515065382,-0.4525576664119124,1
1984,1.099520733979038,0.1878756917886589,1
1985,0.6174543119929585,-0.2863297674141309,1
1986,0.7668058491609311,-0.04415629770264097,1
1987,0.7687999393364667,-0.018797948858892077,1
1988,0.7992594280436149,0.23673237600880842,1
1989,0.8119493954785868,-0.25827311778207196,1
1990,0.9711312804422805,0.2841695490271382,1
1991,1.3292924319786996,-0.26426178078533696,1
1992,0.7476922722542673,-0.451590763363636,1
1993,0.809952885550529,-0.14041774245586008,1
1994,1.084191789813403,-0.18130612187267034,1
1995,0.36181798466255977,-0.11624027949519379,1
1996,0.3046813782548824,0.1326288240911261,1
1997,0.28685903741530205,-0.0075023915641539195,1
1998,0.28438236697143193,-0.07285578882567482,1
1999,1.0286618137602028,0.06773137751126783,1
